fiscal_year,SubCustomer,EntitySizeText,AnyEntityUSplaceOfPerformance,IsEntityAbove1990constantReportingThreshold,IsEntityAbove2016constantReportingThreshold,EntityCount,AllContractorCount,SumOfNumberOfActions,SumOfObligatedAmount
2000,Air Force,Small,0,0,0,91,91,121,-1617737.0
2000,Air Force,Small,0,0,1,553,553,736,18710999.0
2000,Air Force,Small,0,1,1,5713,5906,30936,10894457728.0
2000,Air Force,Small,1,1,1,3,3,22,1841625.0
2000,Air Force,Small,NULL,0,0,3,3,0,0.0
2000,Air Force,Large,0,0,1,3,8,45,5407339.0
2000,Air Force,Large,0,1,1,157,197,19669,38403254937.0
2000,Air Force,Large,1,1,1,3,3,27,483061646.0
2000,Air Force,Medium,0,0,0,13,13,18,-466071.0
2000,Air Force,Medium,0,0,1,69,70,89,2224160.0
2000,Air Force,Medium,0,1,1,1032,1087,5035,2699245054.0
2000,Air Force,Medium,1,0,0,6,6,10,-632845.0
2000,Air Force,Medium,1,0,1,81,81,88,3026719.0
2000,Air Force,Medium,1,1,1,720,724,2313,1136537876.0
2000,Air Force,Medium,NULL,0,0,5,5,0,0.0
2000,Air Force,NULL,NULL,NULL,NULL,1,1,23,20219025.0
2000,Army,Small,0,0,0,116,116,164,-3460714.0
2000,Army,Small,0,0,1,911,911,1754,44563747.0
2000,Army,Small,0,1,1,9327,9692,50926,17858206455.0
2000,Army,Small,1,0,1,1,1,1,42752.0
2000,Army,Small,1,1,1,5,5,50,6195183.0
2000,Army,Small,NULL,0,0,4,4,0,0.0
2000,Army,Small,NULL,0,1,1,1,1,10092.0
2000,Army,Small,NULL,1,1,3,3,1,27987.0
2000,Army,Large,0,0,1,3,6,21,9697859.0
2000,Army,Large,0,1,1,184,239,19495,24260222877.0
2000,Army,Large,1,1,1,6,7,1193,760848425.0
2000,Army,Medium,0,0,0,16,16,40,-2634329.0
2000,Army,Medium,0,0,1,120,123,143,4987430.0
2000,Army,Medium,0,1,1,1913,2012,10579,7143557296.0
2000,Army,Medium,1,0,0,12,12,18,-1933531.0
2000,Army,Medium,1,0,1,149,149,174,6310438.0
2000,Army,Medium,1,1,1,1271,1280,5061,1945255197.0
2000,Army,Medium,NULL,0,0,17,17,55,14246.0
2000,Army,Medium,NULL,0,1,7,7,22,351826.0
2000,Army,Medium,NULL,1,1,1,1,1,511133.0
2000,Army,NULL,NULL,NULL,NULL,1,1,12,9391394.0
2000,Army,Unlabeled Vendor,NULL,1,1,1,1,4,9448932.0
2000,DLA,Small,0,0,0,17,17,26,-1423811.0
2000,DLA,Small,0,0,1,230,230,281,4796953.0
2000,DLA,Small,0,1,1,3237,3436,26044,5251483527.0
2000,DLA,Small,NULL,0,0,24,24,0,0.0
2000,DLA,Small,NULL,1,1,1,1,0,0.0
2000,DLA,Large,0,0,1,1,3,12,1784249.0
2000,DLA,Large,0,1,1,123,155,14312,5365893649.0
2000,DLA,Large,1,1,1,6,6,22,413895611.0
2000,DLA,Medium,0,0,0,3,3,4,-278356.0
2000,DLA,Medium,0,0,1,32,32,33,1292575.0
2000,DLA,Medium,0,1,1,504,537,3938,1784633775.0
2000,DLA,Medium,1,0,1,7,7,9,324400.0
2000,DLA,Medium,1,1,1,127,131,505,719283556.0
2000,DLA,Medium,NULL,0,0,6,6,0,0.0
2000,DLA,Medium,NULL,1,1,1,1,0,0.0
2000,DLA,NULL,NULL,NULL,NULL,1,1,6,3403008.0
2000,MDA,Small,0,1,1,28,28,157,133477080.0
2000,MDA,Large,0,1,1,11,11,244,1778981816.0
2000,MDA,Medium,1,1,1,2,2,16,29934942.0
2000,MilitaryHealth,Small,0,1,1,1,1,1,1177209.0
2000,MilitaryHealth,Large,0,0,0,1,1,1,1236248.0
2000,MilitaryHealth,Large,0,1,1,6,6,106,1269154599.0
2000,MilitaryHealth,Medium,0,0,0,2,2,3,-76696.0
2000,MilitaryHealth,Medium,0,1,1,4,4,49,664356291.0
2000,Navy,Small,0,0,0,187,187,374,-2446693.0
2000,Navy,Small,0,0,1,906,907,1770,32100700.0
2000,Navy,Small,0,1,1,7669,8022,58798,14816661868.0
2000,Navy,Small,1,0,1,1,1,1,42407.0
2000,Navy,Small,1,1,1,5,5,9,700823.0
2000,Navy,Small,NULL,0,0,14,14,1,69771.0
2000,Navy,Small,NULL,1,1,2,2,2,40532.0
2000,Navy,Large,0,0,1,1,1,5,445356.0
2000,Navy,Large,0,1,1,159,247,27916,36128709240.0
2000,Navy,Large,1,0,1,1,1,1,39813.0
2000,Navy,Large,1,1,1,5,6,178,37916882.0
2000,Navy,Medium,0,0,0,28,28,66,-1062065.0
2000,Navy,Medium,0,0,1,129,129,187,4443011.0
2000,Navy,Medium,0,1,1,1372,1442,11268,5101766155.0
2000,Navy,Medium,1,0,0,10,10,17,-1577454.0
2000,Navy,Medium,1,0,1,89,89,103,3690297.0
2000,Navy,Medium,1,1,1,892,907,3612,1102065236.0
2000,Navy,Medium,NULL,0,0,18,18,1,0.0
2000,Navy,Medium,NULL,0,1,1,1,1,28276.0
2000,Navy,Medium,NULL,1,1,2,2,0,0.0
2000,Navy,NULL,NULL,NULL,NULL,1,1,2,795641.0
2000,Navy,Unlabeled Vendor,NULL,1,1,1,1,1,53726.0
2000,NULL,Large,0,1,1,1,1,0,0.0
2000,Other DoD,Small,0,0,0,8,8,11,-1336140.0
2000,Other DoD,Small,0,0,1,58,58,64,2892128.0
2000,Other DoD,Small,0,1,1,1242,1270,5731,1987230223.0
2000,Other DoD,Small,1,1,1,1,1,1,101453.0
2000,Other DoD,Large,0,1,1,104,115,6638,3930435515.0
2000,Other DoD,Large,1,1,1,1,1,20,7621269.0
2000,Other DoD,Medium,0,0,0,1,1,1,3453.0
2000,Other DoD,Medium,0,0,1,19,19,22,674897.0
2000,Other DoD,Medium,0,1,1,248,251,890,411428200.0
2000,Other DoD,Medium,1,0,1,13,13,14,515701.0
2000,Other DoD,Medium,1,1,1,146,146,437,138740346.0
2000,Other DoD,NULL,NULL,NULL,NULL,1,1,8,3667160.0
2000,Other DoD,Unlabeled Vendor,NULL,1,1,1,1,11,3070777.0
2001,Air Force,Small,0,0,0,71,71,99,-7982464.0
2001,Air Force,Small,0,0,1,533,534,724,19166371.0
2001,Air Force,Small,0,1,1,5418,5645,29047,11921660055.0
2001,Air Force,Small,1,1,1,4,7,25,5307992.0
2001,Air Force,Small,NULL,0,0,12,12,0,0.0
2001,Air Force,Small,NULL,1,1,2,2,0,0.0
2001,Air Force,Large,0,1,1,148,186,19357,40302565041.0
2001,Air Force,Large,1,1,1,6,6,83,120080881.0
2001,Air Force,Medium,0,0,0,6,6,9,2436781.0
2001,Air Force,Medium,0,0,1,66,66,97,3667004.0
2001,Air Force,Medium,0,1,1,985,1043,4900,2805610029.0
2001,Air Force,Medium,1,0,0,10,10,13,-1246017.0
2001,Air Force,Medium,1,0,1,71,71,81,3600610.0
2001,Air Force,Medium,1,1,1,711,715,2191,799352243.0
2001,Air Force,Medium,NULL,0,0,8,8,1,812761.0
2001,Air Force,Medium,NULL,1,1,3,3,3,301355.0
2001,Air Force,Unlabeled Vendor,NULL,1,1,1,1,13,3298974.0
2001,Army,Small,0,0,0,439,439,813,-911737.0
2001,Army,Small,0,0,1,1698,1702,2879,49664124.0
2001,Army,Small,0,1,1,10134,10636,55791,18648216564.0
2001,Army,Small,1,0,1,1,1,1,44927.0
2001,Army,Small,1,1,1,10,10,160,60993018.0
2001,Army,Small,NULL,0,0,13,13,0,0.0
2001,Army,Small,NULL,0,1,3,3,3,37598.0
2001,Army,Small,NULL,1,1,3,3,3,8799.0
2001,Army,Large,0,1,1,183,244,20176,26264414407.0
2001,Army,Large,1,1,1,9,9,1019,832219343.0
2001,Army,Medium,0,0,0,63,63,134,-1763620.0
2001,Army,Medium,0,0,1,186,186,266,6968463.0
2001,Army,Medium,0,1,1,1944,2051,11141,7540480156.0
2001,Army,Medium,1,0,0,20,20,25,-956804.0
2001,Army,Medium,1,0,1,182,182,227,8123844.0
2001,Army,Medium,1,1,1,1314,1325,5794,2363026935.0
2001,Army,Medium,NULL,0,0,11,11,7,8474.0
2001,Army,Medium,NULL,0,1,9,9,18,55894.0
2001,Army,Medium,NULL,1,1,3,3,6,212182.0
2001,Army,Unlabeled Vendor,NULL,1,1,1,1,5,6960461.0
2001,DLA,Small,0,0,0,13,13,18,-3641295.0
2001,DLA,Small,0,0,1,293,294,514,26351830.0
2001,DLA,Small,0,1,1,3684,3944,29213,6089166522.0
2001,DLA,Small,1,1,1,1,1,1,86071.0
2001,DLA,Small,NULL,0,0,36,36,0,0.0
2001,DLA,Small,NULL,1,1,4,4,0,0.0
2001,DLA,Large,0,1,1,128,155,24189,7004516871.0
2001,DLA,Large,1,1,1,9,9,32,513407942.0
2001,DLA,Medium,0,0,0,1,1,1,-66176.0
2001,DLA,Medium,0,0,1,35,35,38,1376333.0
2001,DLA,Medium,0,1,1,528,561,4269,1659495540.0
2001,DLA,Medium,1,0,1,12,12,17,897652.0
2001,DLA,Medium,1,1,1,105,105,494,442672580.0
2001,DLA,Medium,NULL,0,0,6,6,0,0.0
2001,MDA,Small,0,1,1,40,40,158,136600765.0
2001,MDA,Large,0,1,1,18,18,252,2140973377.0
2001,MDA,Medium,0,1,1,1,1,13,4440567.0
2001,MDA,Medium,1,1,1,2,2,9,21723145.0
2001,MilitaryHealth,Small,0,1,1,5,5,8,3336768.0
2001,MilitaryHealth,Large,0,1,1,6,6,213,2188675717.0
2001,MilitaryHealth,Medium,0,1,1,5,5,115,1042200077.0
2001,Navy,Small,0,0,0,135,135,372,-863846.0
2001,Navy,Small,0,0,1,888,888,1813,32042383.0
2001,Navy,Small,0,1,1,7711,8168,59567,14677253487.0
2001,Navy,Small,1,0,0,1,1,1,-33102.0
2001,Navy,Small,1,1,1,3,4,11,6394454.0
2001,Navy,Small,NULL,0,0,8,8,0,0.0
2001,Navy,Small,NULL,1,1,1,1,0,0.0
2001,Navy,Large,0,1,1,169,233,27163,30173579458.0
2001,Navy,Large,1,1,1,9,10,240,196829832.0
2001,Navy,Medium,0,0,0,31,31,104,-840214.0
2001,Navy,Medium,0,0,1,101,101,158,602051.0
2001,Navy,Medium,0,1,1,1357,1419,10850,11890965967.0
2001,Navy,Medium,1,0,0,9,9,18,-629323.0
2001,Navy,Medium,1,0,1,85,85,103,4418956.0
2001,Navy,Medium,1,1,1,875,885,3633,1144723504.0
2001,Navy,Medium,NULL,0,0,10,10,0,0.0
2001,Navy,Medium,NULL,1,1,2,2,0,0.0
2001,Navy,Unlabeled Vendor,NULL,1,1,1,1,1,104652.0
2001,NULL,Large,0,1,1,1,1,0,0.0
2001,Other DoD,Small,0,0,0,13,13,15,-188140.0
2001,Other DoD,Small,0,0,1,57,57,76,2052390.0
2001,Other DoD,Small,0,1,1,1249,1291,5522,2002035712.0
2001,Other DoD,Large,0,1,1,100,104,8289,4073481618.0
2001,Other DoD,Large,1,1,1,2,2,18,10606418.0
2001,Other DoD,Medium,0,0,0,1,1,1,0.0
2001,Other DoD,Medium,0,0,1,27,27,40,818054.0
2001,Other DoD,Medium,0,1,1,260,272,1190,831168830.0
2001,Other DoD,Medium,1,0,1,6,6,7,236722.0
2001,Other DoD,Medium,1,1,1,96,96,212,163115832.0
2001,Other DoD,Medium,NULL,1,1,2,2,0,0.0
2001,Other DoD,Unlabeled Vendor,NULL,1,1,1,1,14,3988014.0
2002,Air Force,Small,0,0,0,106,106,148,-339980.0
2002,Air Force,Small,0,0,1,574,574,744,18127329.0
2002,Air Force,Small,0,1,1,6134,6427,34144,14181347101.0
2002,Air Force,Small,1,1,1,3,3,7,702274.0
2002,Air Force,Small,NULL,0,0,16,16,0,0.0
2002,Air Force,Small,NULL,0,1,1,1,1,22145.0
2002,Air Force,Small,NULL,1,1,1,1,0,0.0
2002,Air Force,Large,0,0,0,1,1,2,-1719350.0
2002,Air Force,Large,0,1,1,146,192,22788,45831593376.0
2002,Air Force,Large,1,1,1,4,6,91,107478337.0
2002,Air Force,Medium,0,0,0,10,11,16,1120274.0
2002,Air Force,Medium,0,0,1,69,69,108,2930402.0
2002,Air Force,Medium,0,1,1,917,960,4807,3182443825.0
2002,Air Force,Medium,1,0,0,7,7,12,-261560.0
2002,Air Force,Medium,1,0,1,85,85,96,3459208.0
2002,Air Force,Medium,1,1,1,699,704,2195,839917770.0
2002,Air Force,Medium,NULL,0,0,22,22,0,0.0
2002,Air Force,Medium,NULL,0,1,4,4,4,69893.0
2002,Air Force,Medium,NULL,1,1,5,8,64,31961553.0
2002,Air Force,Unlabeled Vendor,NULL,1,1,1,1,10,6122325.0
2002,Army,Small,0,0,0,2477,2485,4718,8551521.0
2002,Army,Small,0,0,1,5945,5968,13304,137160589.0
2002,Army,Small,0,1,1,12843,13859,94916,22381862610.0
2002,Army,Small,1,0,0,1,1,1,4334.0
2002,Army,Small,1,0,1,1,1,11,23867.0
2002,Army,Small,1,1,1,6,6,12,5804952.0
2002,Army,Small,NULL,0,0,9,9,4,18082.0
2002,Army,Small,NULL,0,1,4,4,5,93875.0
2002,Army,Small,NULL,1,1,2,2,0,0.0
2002,Army,Large,0,1,1,203,291,32862,28625413729.0
2002,Army,Large,1,1,1,9,15,735,588797559.0
2002,Army,Large,NULL,1,1,1,3,22,-1319234.0
2002,Army,Medium,0,0,0,314,316,511,-50602.0
2002,Army,Medium,0,0,1,626,629,1245,54330475.0
2002,Army,Medium,0,1,1,2110,2264,13953,8280038146.0
2002,Army,Medium,1,0,0,36,36,57,-4508416.0
2002,Army,Medium,1,0,1,213,214,284,7358146.0
2002,Army,Medium,1,1,1,1325,1334,5522,2324947976.0
2002,Army,Medium,NULL,0,0,17,17,6,33009.0
2002,Army,Medium,NULL,0,1,5,5,6,39565.0
2002,Army,Medium,NULL,1,1,1,4,316,44180203.0
2002,Army,Unlabeled Vendor,NULL,1,1,1,1,4,44686241.0
2002,DLA,Small,0,0,0,15,15,24,-1215263.0
2002,DLA,Small,0,0,1,325,326,416,15262278.0
2002,DLA,Small,0,1,1,4269,4645,39071,7026503672.0
2002,DLA,Small,1,1,1,1,1,1,93209.0
2002,DLA,Small,NULL,0,0,40,40,0,0.0
2002,DLA,Small,NULL,0,1,1,1,0,0.0
2002,DLA,Small,NULL,1,1,12,12,0,0.0
2002,DLA,Large,0,0,1,2,2,3,118462.0
2002,DLA,Large,0,1,1,117,164,29438,7716069426.0
2002,DLA,Large,1,0,1,1,1,1,35478.0
2002,DLA,Large,1,1,1,12,15,301,1670191380.0
2002,DLA,Medium,0,0,0,3,3,5,-566385.0
2002,DLA,Medium,0,0,1,22,22,25,983392.0
2002,DLA,Medium,0,1,1,510,528,4519,2088028448.0
2002,DLA,Medium,1,0,0,1,1,2,33957.0
2002,DLA,Medium,1,0,1,8,8,8,303434.0
2002,DLA,Medium,1,1,1,147,149,1285,1232523852.0
2002,DLA,Medium,NULL,0,0,10,10,0,0.0
2002,DLA,Medium,NULL,1,1,1,2,13,9970704.0
2002,DLA,Unlabeled Vendor,NULL,0,0,1,1,0,0.0
2002,MDA,Small,0,1,1,61,61,296,151886992.0
2002,MDA,Large,0,1,1,18,18,403,3198302862.0
2002,MDA,Medium,0,1,1,3,3,11,4761195.0
2002,MDA,Medium,1,1,1,2,2,10,12262819.0
2002,MilitaryHealth,Small,0,1,1,6,6,16,4059203.0
2002,MilitaryHealth,Large,0,0,0,2,2,3,-86858.0
2002,MilitaryHealth,Large,0,1,1,6,6,214,4061372676.0
2002,MilitaryHealth,Medium,0,1,1,6,6,144,1601455015.0
2002,Navy,Small,0,0,0,352,352,1025,-4796014.0
2002,Navy,Small,0,0,1,1392,1393,5091,43104068.0
2002,Navy,Small,0,1,1,8743,9283,84218,16648337591.0
2002,Navy,Small,1,1,1,3,3,27,5199944.0
2002,Navy,Small,NULL,0,0,17,17,0,0.0
2002,Navy,Small,NULL,1,1,1,1,0,0.0
2002,Navy,Large,0,1,1,175,252,35428,42259268334.0
2002,Navy,Large,1,1,1,6,17,438,380438422.0
2002,Navy,Large,NULL,1,1,1,1,92,12390632.0
2002,Navy,Medium,0,0,0,56,56,138,-1419970.0
2002,Navy,Medium,0,0,1,174,174,631,5348688.0
2002,Navy,Medium,0,1,1,1256,1321,10672,4026025355.0
2002,Navy,Medium,1,0,0,92,92,577,-799034.0
2002,Navy,Medium,1,0,1,206,206,1431,10289462.0
2002,Navy,Medium,1,1,1,1041,1045,11384,1255849573.0
2002,Navy,Medium,NULL,0,0,11,11,2,0.0
2002,Navy,Medium,NULL,1,1,3,11,329,97226986.0
2002,Navy,Unlabeled Vendor,NULL,1,1,1,1,8,499887.0
2002,NULL,Small,0,1,1,4,4,0,0.0
2002,NULL,Large,0,1,1,1,1,0,0.0
2002,Other DoD,Small,0,0,0,70,70,96,-2254.0
2002,Other DoD,Small,0,0,1,172,172,439,5266680.0
2002,Other DoD,Small,0,1,1,1666,1720,8572,3178203066.0
2002,Other DoD,Small,NULL,0,0,2,2,0,0.0
2002,Other DoD,Small,NULL,1,1,1,1,1,27090.0
2002,Other DoD,Large,0,1,1,113,121,10354,5818019462.0
2002,Other DoD,Large,1,1,1,1,1,11,23371265.0
2002,Other DoD,Medium,0,0,0,4,4,10,8810.0
2002,Other DoD,Medium,0,0,1,31,31,41,905193.0
2002,Other DoD,Medium,0,1,1,260,261,1124,550047700.0
2002,Other DoD,Medium,1,0,1,6,6,17,331221.0
2002,Other DoD,Medium,1,1,1,83,83,205,117475147.0
2002,Other DoD,Medium,NULL,0,1,1,1,1,14217.0
2002,Other DoD,Medium,NULL,1,1,2,3,5,4127755.0
2002,Other DoD,Unlabeled Vendor,NULL,1,1,1,1,34,3459956.0
2003,Air Force,Small,0,0,0,168,168,218,119103.0
2003,Air Force,Small,0,0,1,966,966,1379,28505984.0
2003,Air Force,Small,0,1,1,7209,7575,40881,13795449764.0
2003,Air Force,Small,1,0,1,1,1,1,33228.0
2003,Air Force,Small,1,1,1,2,2,2,217683.0
2003,Air Force,Small,NULL,0,0,38,38,2,16931.0
2003,Air Force,Small,NULL,0,1,1,1,0,0.0
2003,Air Force,Small,NULL,1,1,5,5,0,0.0
2003,Air Force,Large,0,0,0,1,1,2,-8176326.0
2003,Air Force,Large,0,0,1,1,1,10,433868.0
2003,Air Force,Large,0,1,1,163,193,28433,54832649544.0
2003,Air Force,Large,1,1,1,4,4,76,81644697.0
2003,Air Force,Medium,0,0,0,22,22,23,-1802800.0
2003,Air Force,Medium,0,0,1,99,99,146,3831416.0
2003,Air Force,Medium,0,1,1,896,952,5224,3565203756.0
2003,Air Force,Medium,1,0,0,4,4,7,-5133152.0
2003,Air Force,Medium,1,0,1,110,110,119,3913883.0
2003,Air Force,Medium,1,1,1,719,724,2679,900302497.0
2003,Air Force,Medium,NULL,0,0,30,30,3,8707.0
2003,Air Force,Medium,NULL,0,1,5,5,5,66100.0
2003,Air Force,Medium,NULL,1,1,4,4,1,20154.0
2003,Air Force,Unlabeled Vendor,1,1,1,1,1,14,3023927.0
2003,Army,Small,0,0,0,4166,4171,6850,13147656.0
2003,Army,Small,0,0,1,9981,10047,23193,220375506.0
2003,Army,Small,0,1,1,15777,17274,140573,32990651099.0
2003,Army,Small,1,0,0,3,3,3,8101.0
2003,Army,Small,1,0,1,1,1,2,12646.0
2003,Army,Small,1,1,1,9,9,19,5254546.0
2003,Army,Small,NULL,0,0,26,26,7,11948.0
2003,Army,Small,NULL,0,1,1,1,1,6850.0
2003,Army,Small,NULL,1,1,5,5,0,0.0
2003,Army,Large,0,0,0,3,3,7,3936.0
2003,Army,Large,0,0,1,2,8,50,2200549.0
2003,Army,Large,0,1,1,226,319,47800,40232399436.0
2003,Army,Large,1,1,1,8,11,742,413710070.0
2003,Army,Medium,0,0,0,524,526,890,1043417.0
2003,Army,Medium,0,0,1,1014,1028,1951,29016934.0
2003,Army,Medium,0,1,1,2247,2411,21321,7403099854.0
2003,Army,Medium,1,0,0,81,81,122,-723920.0
2003,Army,Medium,1,0,1,267,267,367,9293516.0
2003,Army,Medium,1,1,1,1518,1525,8126,3123610227.0
2003,Army,Medium,NULL,0,0,31,31,12,47216.0
2003,Army,Medium,NULL,0,1,9,9,24,193741.0
2003,Army,Medium,NULL,1,1,9,9,9,114546.0
2003,Army,Unlabeled Vendor,1,1,1,2,2,8,9892108.0
2003,DLA,Small,0,0,0,16,16,13,-3096775.0
2003,DLA,Small,0,0,1,388,388,533,20063727.0
2003,DLA,Small,0,1,1,4631,4997,45062,8984114386.0
2003,DLA,Small,1,1,1,3,3,13,4114287.0
2003,DLA,Small,NULL,0,0,126,126,0,0.0
2003,DLA,Small,NULL,0,1,2,2,0,0.0
2003,DLA,Small,NULL,1,1,20,20,0,0.0
2003,DLA,Large,0,0,0,2,5,52,447041.0
2003,DLA,Large,0,0,1,3,7,89,5823875.0
2003,DLA,Large,0,1,1,142,174,35686,8842070997.0
2003,DLA,Large,1,1,1,13,13,74,1519967698.0
2003,DLA,Medium,0,0,0,4,4,2,-1111441.0
2003,DLA,Medium,0,0,1,28,29,32,1343127.0
2003,DLA,Medium,0,1,1,399,425,7166,2444303922.0
2003,DLA,Medium,1,0,1,7,7,7,275983.0
2003,DLA,Medium,1,1,1,162,162,2076,1469839552.0
2003,DLA,Medium,NULL,0,0,12,12,0,0.0
2003,DLA,Medium,NULL,1,1,3,3,0,0.0
2003,MDA,Small,0,0,1,2,2,2,38690.0
2003,MDA,Small,0,1,1,136,136,379,266769966.0
2003,MDA,Large,0,1,1,17,17,497,3236787956.0
2003,MDA,Medium,0,1,1,3,3,10,7320956.0
2003,MDA,Medium,1,1,1,2,2,8,8185408.0
2003,MilitaryHealth,Small,0,1,1,7,7,20,-166417.0
2003,MilitaryHealth,Large,0,0,0,1,1,1,-34888.0
2003,MilitaryHealth,Large,0,1,1,10,10,374,5786308737.0
2003,MilitaryHealth,Medium,0,0,0,1,1,1,0.0
2003,MilitaryHealth,Medium,0,1,1,10,10,231,1964110647.0
2003,Navy,Small,0,0,0,623,623,1182,681061.0
2003,Navy,Small,0,0,1,2272,2276,5203,58596917.0
2003,Navy,Small,0,1,1,9934,10596,88741,19098704297.0
2003,Navy,Small,1,0,0,1,1,2,0.0
2003,Navy,Small,1,1,1,10,10,366,40553166.0
2003,Navy,Small,NULL,0,0,24,24,1,3053.0
2003,Navy,Small,NULL,0,1,2,2,2,17520.0
2003,Navy,Small,NULL,1,1,2,2,1,23217.0
2003,Navy,Large,0,0,0,1,1,2,100868.0
2003,Navy,Large,0,0,1,2,10,34,3011093.0
2003,Navy,Large,0,1,1,202,256,45219,50884003468.0
2003,Navy,Large,1,1,1,5,6,477,116542154.0
2003,Navy,Medium,0,0,0,89,89,172,-665155.0
2003,Navy,Medium,0,0,1,209,211,440,5594843.0
2003,Navy,Medium,0,1,1,1147,1206,9720,3173125102.0
2003,Navy,Medium,1,0,0,71,71,472,277082.0
2003,Navy,Medium,1,0,1,272,274,1394,11563654.0
2003,Navy,Medium,1,1,1,1170,1185,12895,1614630503.0
2003,Navy,Medium,NULL,0,0,13,13,0,0.0
2003,Navy,Medium,NULL,0,1,4,4,4,56910.0
2003,Navy,Medium,NULL,1,1,3,3,1,0.0
2003,Navy,Unlabeled Vendor,0,0,0,1,1,1,-1193411.0
2003,Navy,Unlabeled Vendor,1,1,1,1,1,5,266466.0
2003,NULL,Small,0,1,1,1,1,0,0.0
2003,Other DoD,Small,0,0,0,60,60,92,-737052.0
2003,Other DoD,Small,0,0,1,179,179,336,4669374.0
2003,Other DoD,Small,0,1,1,1881,1927,8908,4033885691.0
2003,Other DoD,Small,1,1,1,1,1,3,246500.0
2003,Other DoD,Large,0,0,1,1,3,20,2010317.0
2003,Other DoD,Large,0,1,1,114,121,11541,6697360058.0
2003,Other DoD,Large,1,1,1,1,1,33,11705196.0
2003,Other DoD,Medium,0,0,0,8,8,10,21079.0
2003,Other DoD,Medium,0,0,1,23,23,29,563516.0
2003,Other DoD,Medium,0,1,1,231,235,873,459410295.0
2003,Other DoD,Medium,1,0,0,4,4,5,11712.0
2003,Other DoD,Medium,1,0,1,12,12,16,389065.0
2003,Other DoD,Medium,1,1,1,124,124,415,215357185.0
2003,Other DoD,Medium,NULL,0,0,3,3,1,6576.0
2003,Other DoD,Medium,NULL,1,1,1,1,1,0.0
2003,Other DoD,Unlabeled Vendor,1,1,1,2,2,10,3594990.0
2004,Air Force,Small,0,0,0,265,265,321,904915.0
2004,Air Force,Small,0,0,1,1156,1161,1646,44767582.0
2004,Air Force,Small,0,1,1,7221,7596,63780,15863291510.0
2004,Air Force,Small,1,0,1,6,6,8,318513.0
2004,Air Force,Small,1,1,1,6,6,86,29315434.0
2004,Air Force,Small,NULL,0,0,46,46,0,0.0
2004,Air Force,Small,NULL,1,1,12,12,0,0.0
2004,Air Force,Large,0,0,0,1,1,1,0.0
2004,Air Force,Large,0,0,1,4,6,6,550198.0
2004,Air Force,Large,0,1,1,155,210,27662,50775454495.0
2004,Air Force,Large,1,1,1,3,3,41,59772736.0
2004,Air Force,Medium,0,0,0,24,24,28,181437.0
2004,Air Force,Medium,0,0,1,105,106,134,3331922.0
2004,Air Force,Medium,0,1,1,757,789,4107,3016111578.0
2004,Air Force,Medium,1,0,0,8,8,13,-1739155.0
2004,Air Force,Medium,1,0,1,125,125,149,5595647.0
2004,Air Force,Medium,1,1,1,694,701,2304,876860880.0
2004,Air Force,Medium,NULL,0,0,24,24,0,0.0
2004,Air Force,Medium,NULL,1,1,5,5,0,0.0
2004,Army,Small,0,0,0,5293,5299,9035,1142663.0
2004,Army,Small,0,0,1,13123,13207,29805,296081191.0
2004,Army,Small,0,1,1,18389,20389,196446,31411894740.0
2004,Army,Small,1,0,0,6,6,18,49354.0
2004,Army,Small,1,0,1,18,18,97,610272.0
2004,Army,Small,1,1,1,23,23,85,17798972.0
2004,Army,Small,NULL,0,0,73,73,0,0.0
2004,Army,Small,NULL,0,1,5,6,4,1435042.0
2004,Army,Small,NULL,1,1,37,37,5,73510.0
2004,Army,Large,0,0,0,3,3,6,-239582.0
2004,Army,Large,0,0,1,4,5,13,333168.0
2004,Army,Large,0,1,1,240,472,53789,52276065587.0
2004,Army,Large,1,1,1,10,10,12250,405909559.0
2004,Army,Medium,0,0,0,649,649,1111,-4555969.0
2004,Army,Medium,0,0,1,1249,1271,2653,28483287.0
2004,Army,Medium,0,1,1,2226,2349,22504,8891051481.0
2004,Army,Medium,1,0,0,868,868,1552,2283879.0
2004,Army,Medium,1,0,1,1157,1161,3556,36488097.0
2004,Army,Medium,1,1,1,1763,1777,15979,4094178329.0
2004,Army,Medium,NULL,0,0,26,26,0,0.0
2004,Army,Medium,NULL,0,1,2,2,0,0.0
2004,Army,Medium,NULL,1,1,15,15,0,0.0
2004,DLA,Small,0,0,0,228,228,642,-4661001.0
2004,DLA,Small,0,0,1,495,505,1146,31155787.0
2004,DLA,Small,0,1,1,4638,5009,55110,9327079053.0
2004,DLA,Small,1,1,1,3,3,8,508084.0
2004,DLA,Small,NULL,0,0,265,266,0,0.0
2004,DLA,Small,NULL,0,1,2,2,1,228941.0
2004,DLA,Small,NULL,1,1,7,7,0,0.0
2004,DLA,Large,0,1,1,138,174,42796,10295929044.0
2004,DLA,Large,1,0,1,1,3,73,3076826.0
2004,DLA,Large,1,1,1,10,10,34,1381677250.0
2004,DLA,Medium,0,0,0,16,16,31,0.0
2004,DLA,Medium,0,0,1,35,35,45,1683839.0
2004,DLA,Medium,0,1,1,392,407,8085,2002112814.0
2004,DLA,Medium,1,0,0,3,3,6,65373.0
2004,DLA,Medium,1,0,1,20,20,35,1076506.0
2004,DLA,Medium,1,1,1,165,165,1039,2144788193.0
2004,DLA,Medium,NULL,0,0,15,15,0,0.0
2004,DLA,Medium,NULL,1,1,3,3,3,298995.0
2004,MDA,Small,0,1,1,136,136,389,327948553.0
2004,MDA,Large,0,1,1,22,22,518,3990901762.0
2004,MDA,Medium,0,0,0,1,1,3,-54604.0
2004,MDA,Medium,0,0,1,1,1,2,16668.0
2004,MDA,Medium,0,1,1,6,6,15,8732296.0
2004,MDA,Medium,1,1,1,2,2,12,14990734.0
2004,MilitaryHealth,Small,0,1,1,18,18,38,4604344.0
2004,MilitaryHealth,Large,0,1,1,13,13,432,4322495080.0
2004,MilitaryHealth,Medium,0,1,1,8,8,278,2248370637.0
2004,Navy,Small,0,0,0,1536,1536,3027,3423258.0
2004,Navy,Small,0,0,1,3582,3612,9081,92625691.0
2004,Navy,Small,0,1,1,11080,12103,102916,18025542965.0
2004,Navy,Small,1,0,0,4,4,8,0.0
2004,Navy,Small,1,0,1,6,6,10,97686.0
2004,Navy,Small,1,1,1,10,10,382,26579094.0
2004,Navy,Small,NULL,0,0,105,105,0,0.0
2004,Navy,Small,NULL,0,1,2,3,22,2016769.0
2004,Navy,Small,NULL,1,1,32,32,1,4100.0
2004,Navy,Large,0,0,0,2,2,3,134519.0
2004,Navy,Large,0,0,1,2,3,4,331932.0
2004,Navy,Large,0,1,1,201,293,56060,55460049270.0
2004,Navy,Large,1,0,1,1,1,1,565.0
2004,Navy,Large,1,1,1,3,3,350,65651089.0
2004,Navy,Medium,0,0,0,151,154,287,-269707.0
2004,Navy,Medium,0,0,1,315,321,808,9716472.0
2004,Navy,Medium,0,1,1,1087,1151,9580,3178572665.0
2004,Navy,Medium,1,0,0,100,100,401,-78343.0
2004,Navy,Medium,1,0,1,215,215,995,7490328.0
2004,Navy,Medium,1,1,1,992,1006,9138,1198844170.0
2004,Navy,Medium,NULL,0,0,51,51,0,0.0
2004,Navy,Medium,NULL,1,1,10,10,0,0.0
2004,NULL,Small,0,1,1,1,1,0,515501.0
2004,Other DoD,Small,0,0,0,101,101,143,291311.0
2004,Other DoD,Small,0,0,1,382,382,660,7720592.0
2004,Other DoD,Small,0,1,1,2253,2342,12115,4871308710.0
2004,Other DoD,Small,1,0,0,18,4,21,33752.0
2004,Other DoD,Small,1,0,1,9,7,10,109080.0
2004,Other DoD,Small,1,1,1,22,16,26,2798639.0
2004,Other DoD,Small,NULL,0,0,2,2,1,4099.0
2004,Other DoD,Small,NULL,0,1,3,3,2,42611.0
2004,Other DoD,Small,NULL,1,1,1,1,1,26957.0
2004,Other DoD,Large,0,1,1,119,137,12684,6999463451.0
2004,Other DoD,Large,1,1,1,1,1,37,9065549.0
2004,Other DoD,Medium,0,0,0,24,24,32,121415.0
2004,Other DoD,Medium,0,0,1,51,51,97,1058483.0
2004,Other DoD,Medium,0,1,1,192,195,622,366963070.0
2004,Other DoD,Medium,1,0,0,1,1,1,5263.0
2004,Other DoD,Medium,1,0,1,5,5,5,166946.0
2004,Other DoD,Medium,1,1,1,96,96,301,193076210.0
2004,Other DoD,Medium,NULL,0,0,3,3,0,0.0
2004,Other DoD,Medium,NULL,1,1,2,2,0,0.0
2004,Other DoD,Unlabeled Vendor,0,0,0,1,1,1,4011.0
2004,Other DoD,Unlabeled Vendor,0,0,1,1,1,1,8087.0
2004,Other DoD,Unlabeled Vendor,1,0,0,8,2,9,23225.0
2004,Other DoD,Unlabeled Vendor,1,0,1,6,2,6,63870.0
2004,Other DoD,Unlabeled Vendor,1,1,1,18,2,35,1879417.0
2005,Air Force,Small,0,0,0,1401,1401,1964,4942843.0
2005,Air Force,Small,0,0,1,4224,4236,7433,86822493.0
2005,Air Force,Small,0,1,1,9632,10447,116401,15317205534.0
2005,Air Force,Small,1,0,0,1,1,1,2680.0
2005,Air Force,Small,1,0,1,4,4,8,55041.0
2005,Air Force,Small,1,1,1,12,12,89,6305869.0
2005,Air Force,Small,NULL,0,0,8,8,0,0.0
2005,Air Force,Small,NULL,1,1,25,25,0,0.0
2005,Air Force,Large,0,0,0,1,1,5,81030.0
2005,Air Force,Large,0,0,1,2,2,28,22204687.0
2005,Air Force,Large,0,1,1,185,272,39932,49940796162.0
2005,Air Force,Large,1,1,1,4,4,51,84121902.0
2005,Air Force,Medium,0,0,0,169,187,850,9784289.0
2005,Air Force,Medium,0,0,1,370,376,666,9420353.0
2005,Air Force,Medium,0,1,1,910,970,5487,2404928647.0
2005,Air Force,Medium,1,0,0,248,248,357,1097122.0
2005,Air Force,Medium,1,0,1,720,721,1562,20277351.0
2005,Air Force,Medium,1,1,1,809,826,4816,1065797170.0
2005,Air Force,Medium,NULL,0,0,15,15,0,0.0
2005,Air Force,Medium,NULL,0,1,1,1,0,0.0
2005,Air Force,Medium,NULL,1,1,8,8,0,0.0
2005,Army,Small,0,0,0,4468,4473,7183,16987573.0
2005,Army,Small,0,0,1,12996,13091,28064,264196026.0
2005,Army,Small,0,1,1,19430,21500,233516,49176824478.0
2005,Army,Small,1,0,0,3,3,46,12462.0
2005,Army,Small,1,0,1,8,8,11,130213.0
2005,Army,Small,1,1,1,35,35,329,55390913.0
2005,Army,Small,NULL,0,0,87,87,0,0.0
2005,Army,Small,NULL,0,1,10,10,2,25622.0
2005,Army,Small,NULL,1,1,91,91,3,88394.0
2005,Army,Large,0,0,1,5,5,10,184538.0
2005,Army,Large,0,1,1,231,371,53652,54038348820.0
2005,Army,Large,1,1,1,9,9,14292,672571488.0
2005,Army,Medium,0,0,0,690,788,1929,78579043.0
2005,Army,Medium,0,0,1,1309,1325,2848,49466771.0
2005,Army,Medium,0,1,1,2276,2463,20364,9628665611.0
2005,Army,Medium,1,0,0,899,900,1765,3046064.0
2005,Army,Medium,1,0,1,1182,1188,3488,34855321.0
2005,Army,Medium,1,1,1,1670,1684,20293,4372683841.0
2005,Army,Medium,NULL,0,0,28,28,1,407986.0
2005,Army,Medium,NULL,0,1,7,7,2,25251.0
2005,Army,Medium,NULL,1,1,25,25,0,0.0
2005,DLA,Small,0,0,0,603,603,1628,858343.0
2005,DLA,Small,0,0,1,2665,2674,35947,301237880.0
2005,DLA,Small,0,1,1,5895,6489,271666,12420718281.0
2005,DLA,Small,1,0,1,2,2,8,31234.0
2005,DLA,Small,1,1,1,8,8,101,1860541.0
2005,DLA,Small,NULL,0,0,43,43,1,4876.0
2005,DLA,Small,NULL,1,1,17,17,0,0.0
2005,DLA,Large,0,0,0,2,6,645,8226304.0
2005,DLA,Large,0,0,1,2,2,24,191348.0
2005,DLA,Large,0,1,1,160,238,246370,15371022550.0
2005,DLA,Large,1,1,1,8,8,44,1289577368.0
2005,DLA,Medium,0,0,0,72,82,478,3302390.0
2005,DLA,Medium,0,0,1,167,168,1353,14684179.0
2005,DLA,Medium,0,1,1,387,411,37629,3471442993.0
2005,DLA,Medium,1,0,0,17,17,81,59096.0
2005,DLA,Medium,1,0,1,58,58,6834,3187973.0
2005,DLA,Medium,1,1,1,182,184,2881,1772931538.0
2005,DLA,Medium,NULL,0,0,6,6,0,0.0
2005,DLA,Medium,NULL,1,1,5,5,54,195225.0
2005,MDA,Small,0,0,1,1,1,1,19853.0
2005,MDA,Small,0,1,1,193,195,440,331761601.0
2005,MDA,Large,0,1,1,23,23,577,4394340861.0
2005,MDA,Medium,0,0,1,1,1,1,26368.0
2005,MDA,Medium,0,1,1,9,9,33,30847112.0
2005,MDA,Medium,1,1,1,2,2,8,9967903.0
2005,MilitaryHealth,Small,0,0,0,1,1,2,0.0
2005,MilitaryHealth,Small,0,0,1,2,2,3,10332.0
2005,MilitaryHealth,Small,0,1,1,21,21,36,24792778.0
2005,MilitaryHealth,Large,0,0,0,1,1,2,-88015.0
2005,MilitaryHealth,Large,0,1,1,13,13,351,5569347425.0
2005,MilitaryHealth,Medium,0,1,1,5,5,232,2351601948.0
2005,Navy,Small,0,0,0,2952,2956,5162,10351880.0
2005,Navy,Small,0,0,1,7409,7479,23403,184514669.0
2005,Navy,Small,0,1,1,13802,15335,167236,19789206459.0
2005,Navy,Small,1,0,1,9,9,23,261041.0
2005,Navy,Small,1,1,1,10,10,270,3378076.0
2005,Navy,Small,NULL,0,0,45,45,0,0.0
2005,Navy,Small,NULL,1,1,46,46,0,0.0
2005,Navy,Large,0,0,0,1,2,7,6430.0
2005,Navy,Large,0,0,1,2,2,6,236923.0
2005,Navy,Large,0,1,1,212,372,78624,56868730383.0
2005,Navy,Large,1,1,1,5,5,799,53416751.0
2005,Navy,Medium,0,0,0,280,303,608,1706475.0
2005,Navy,Medium,0,0,1,584,587,1262,12817807.0
2005,Navy,Medium,0,1,1,1118,1214,13892,3261218462.0
2005,Navy,Medium,1,0,0,533,533,1923,2639890.0
2005,Navy,Medium,1,0,1,758,761,3868,24796627.0
2005,Navy,Medium,1,1,1,1012,1032,21352,1199056877.0
2005,Navy,Medium,NULL,0,0,20,20,1,192701.0
2005,Navy,Medium,NULL,0,1,2,2,0,0.0
2005,Navy,Medium,NULL,1,1,9,9,0,0.0
2005,Other DoD,Small,0,0,0,274,274,356,885724.0
2005,Other DoD,Small,0,0,1,857,859,1396,14823335.0
2005,Other DoD,Small,0,1,1,3089,3252,18748,5229432692.0
2005,Other DoD,Small,1,0,0,5,2,5,15725.0
2005,Other DoD,Small,1,0,1,3,3,4,62376.0
2005,Other DoD,Small,1,1,1,17,17,86,7962530.0
2005,Other DoD,Small,NULL,0,0,2,2,0,0.0
2005,Other DoD,Small,NULL,0,1,3,3,2,36493.0
2005,Other DoD,Small,NULL,1,1,1,1,0,0.0
2005,Other DoD,Large,0,0,1,1,1,3,84805.0
2005,Other DoD,Large,0,1,1,122,137,15009,7485478165.0
2005,Other DoD,Large,1,1,1,2,2,41,5428476.0
2005,Other DoD,Medium,0,0,0,44,55,153,1435317.0
2005,Other DoD,Medium,0,0,1,101,101,165,1813774.0
2005,Other DoD,Medium,0,1,1,253,267,1565,360769512.0
2005,Other DoD,Medium,1,0,0,18,18,27,46586.0
2005,Other DoD,Medium,1,0,1,20,20,29,332080.0
2005,Other DoD,Medium,1,1,1,100,101,423,179997307.0
2005,Other DoD,Medium,NULL,0,0,5,5,1,4343.0
2005,Other DoD,Medium,NULL,0,1,1,1,1,9902.0
2005,Other DoD,Medium,NULL,1,1,1,1,0,0.0
2005,Other DoD,Unlabeled Vendor,1,0,0,1,1,1,2163.0
2005,Other DoD,Unlabeled Vendor,1,0,1,1,1,1,20684.0
2005,Other DoD,Unlabeled Vendor,1,1,1,9,3,33,3312532.0
2006,Air Force,Small,0,0,0,1182,1182,1588,4221122.0
2006,Air Force,Small,0,0,1,3867,3876,6624,74756199.0
2006,Air Force,Small,0,1,1,10227,11098,116405,15882480785.0
2006,Air Force,Small,1,0,0,1,1,1,2326.0
2006,Air Force,Small,1,0,1,5,5,5,60862.0
2006,Air Force,Small,1,1,1,33,34,390,49390082.0
2006,Air Force,Small,NULL,0,0,13,13,0,0.0
2006,Air Force,Small,NULL,0,1,1,1,0,0.0
2006,Air Force,Small,NULL,1,1,53,53,0,0.0
2006,Air Force,Large,0,0,0,1,1,2,140719.0
2006,Air Force,Large,0,0,1,4,11,71,25554439.0
2006,Air Force,Large,0,1,1,181,247,39774,56236174369.0
2006,Air Force,Large,1,1,1,4,4,46,183566764.0
2006,Air Force,Medium,0,0,0,138,138,212,-279853.0
2006,Air Force,Medium,0,0,1,307,309,542,7185513.0
2006,Air Force,Medium,0,1,1,757,817,4025,2538317584.0
2006,Air Force,Medium,1,0,0,207,207,295,1091954.0
2006,Air Force,Medium,1,0,1,643,646,1294,15603116.0
2006,Air Force,Medium,1,1,1,734,744,3993,757531514.0
2006,Air Force,Medium,NULL,0,0,13,13,0,0.0
2006,Air Force,Medium,NULL,1,1,11,11,0,0.0
2006,Army,Small,0,0,0,3694,3697,6425,10605858.0
2006,Army,Small,0,0,1,10585,10650,21626,158764957.0
2006,Army,Small,0,1,1,21780,23956,253467,49693085775.0
2006,Army,Small,1,0,0,65,65,164,305618.0
2006,Army,Small,1,0,1,105,105,234,1992358.0
2006,Army,Small,1,1,1,286,287,2867,303454987.0
2006,Army,Small,NULL,0,0,75,75,0,0.0
2006,Army,Small,NULL,0,1,16,16,2,29984.0
2006,Army,Small,NULL,1,1,192,192,4,1463615.0
2006,Army,Large,0,0,1,4,11,58,28702151.0
2006,Army,Large,0,1,1,247,482,59077,58150297518.0
2006,Army,Large,1,1,1,6,6,907,357600719.0
2006,Army,Large,NULL,0,0,1,1,0,0.0
2006,Army,Medium,0,0,0,485,496,836,19127327.0
2006,Army,Medium,0,0,1,951,955,2058,14681451.0
2006,Army,Medium,0,1,1,2114,2285,20414,9263063781.0
2006,Army,Medium,1,0,0,590,591,1133,-11228664.0
2006,Army,Medium,1,0,1,762,764,1880,13647081.0
2006,Army,Medium,1,1,1,1675,1685,14039,3764380774.0
2006,Army,Medium,NULL,0,0,28,28,0,0.0
2006,Army,Medium,NULL,0,1,6,6,3,23693.0
2006,Army,Medium,NULL,1,1,70,70,305,11378933.0
2006,Army,Unlabeled Vendor,1,0,0,4,1,6,2878.0
2006,Army,Unlabeled Vendor,1,0,1,3,2,3,-12442.0
2006,Army,Unlabeled Vendor,1,1,1,2,2,2,109315.0
2006,DLA,Small,0,0,0,566,566,1353,3492567.0
2006,DLA,Small,0,0,1,2390,2404,33798,274189502.0
2006,DLA,Small,0,1,1,5674,6236,242330,11840406333.0
2006,DLA,Small,1,1,1,12,12,52,6456957.0
2006,DLA,Small,NULL,0,0,28,28,0,0.0
2006,DLA,Small,NULL,1,1,19,19,0,0.0
2006,DLA,Large,0,0,1,1,2,4,69535.0
2006,DLA,Large,0,1,1,163,213,232042,16956185133.0
2006,DLA,Large,1,0,0,1,1,2,-2506860.0
2006,DLA,Large,1,1,1,10,10,63,3480837136.0
2006,DLA,Medium,0,0,0,56,57,119,66812.0
2006,DLA,Medium,0,0,1,129,131,1075,17659313.0
2006,DLA,Medium,0,1,1,282,313,19850,2495411406.0
2006,DLA,Medium,1,0,0,18,18,33,-36618033.0
2006,DLA,Medium,1,0,1,65,65,446,5027386.0
2006,DLA,Medium,1,1,1,155,156,4043,4065629421.0
2006,DLA,Medium,NULL,0,0,4,4,0,0.0
2006,DLA,Medium,NULL,0,1,1,1,49,172853.0
2006,DLA,Medium,NULL,1,1,4,4,0,0.0
2006,MDA,Small,0,0,1,3,3,3,25049.0
2006,MDA,Small,0,1,1,224,224,649,384837099.0
2006,MDA,Large,0,1,1,23,23,793,3772023659.0
2006,MDA,Medium,0,1,1,8,9,35,25833831.0
2006,MDA,Medium,1,1,1,2,2,11,6202387.0
2006,MilitaryHealth,Small,0,0,0,1,1,1,5397.0
2006,MilitaryHealth,Small,0,0,1,6,6,8,86314.0
2006,MilitaryHealth,Small,0,1,1,43,43,103,273060533.0
2006,MilitaryHealth,Large,0,1,1,17,17,315,6362824961.0
2006,MilitaryHealth,Medium,0,1,1,9,9,157,2999920167.0
2006,Navy,Small,0,0,0,2601,2604,4525,10937422.0
2006,Navy,Small,0,0,1,6514,6573,17743,141364082.0
2006,Navy,Small,0,1,1,14639,16324,158042,20938837679.0
2006,Navy,Small,1,0,0,10,10,14,16348.0
2006,Navy,Small,1,0,1,20,20,46,630111.0
2006,Navy,Small,1,1,1,59,62,1624,85409238.0
2006,Navy,Small,NULL,0,0,27,27,0,0.0
2006,Navy,Small,NULL,1,1,77,77,1,62282.0
2006,Navy,Large,0,0,1,3,9,57,1640273.0
2006,Navy,Large,0,1,1,227,348,78347,64094976584.0
2006,Navy,Large,1,1,1,3,3,557,108382212.0
2006,Navy,Medium,0,0,0,236,239,353,840437.0
2006,Navy,Medium,0,0,1,433,434,782,7421694.0
2006,Navy,Medium,0,1,1,1032,1151,10935,3183326264.0
2006,Navy,Medium,1,0,0,427,428,1598,1629646.0
2006,Navy,Medium,1,0,1,572,574,3128,19955239.0
2006,Navy,Medium,1,1,1,992,1011,12040,1307550663.0
2006,Navy,Medium,NULL,0,0,14,14,0,0.0
2006,Navy,Medium,NULL,1,1,40,40,3,45517.0
2006,Other DoD,Small,0,0,0,244,244,319,946185.0
2006,Other DoD,Small,0,0,1,768,768,1228,13770061.0
2006,Other DoD,Small,0,1,1,3301,3479,20779,5410079472.0
2006,Other DoD,Small,1,0,0,4,4,5,8088.0
2006,Other DoD,Small,1,0,1,7,7,10,53611.0
2006,Other DoD,Small,1,1,1,17,17,60,50124326.0
2006,Other DoD,Small,NULL,0,0,1,1,1,246.0
2006,Other DoD,Small,NULL,1,1,1,1,0,0.0
2006,Other DoD,Large,0,1,1,128,145,17256,7373588777.0
2006,Other DoD,Large,1,1,1,1,1,29,4846849.0
2006,Other DoD,Medium,0,0,0,44,44,57,145634.0
2006,Other DoD,Medium,0,0,1,73,73,130,1184076.0
2006,Other DoD,Medium,0,1,1,246,265,1296,478294452.0
2006,Other DoD,Medium,1,0,0,15,15,19,37129.0
2006,Other DoD,Medium,1,0,1,23,23,41,361256.0
2006,Other DoD,Medium,1,1,1,109,109,441,175125401.0
2006,Other DoD,Medium,NULL,0,0,8,8,7,11494.0
2006,Other DoD,Medium,NULL,1,1,1,1,0,0.0
2006,Other DoD,Unlabeled Vendor,1,1,1,9,3,15,-18762.0
2007,Air Force,Small,0,0,0,677,677,937,1091872.0
2007,Air Force,Small,0,0,1,2668,2672,4202,24100352.0
2007,Air Force,Small,0,1,1,12137,13020,130191,16860937178.0
2007,Air Force,Small,1,0,0,22,22,38,148183.0
2007,Air Force,Small,1,0,1,77,77,139,969997.0
2007,Air Force,Small,1,1,1,206,212,1503,119112068.0
2007,Air Force,Small,NULL,0,0,63,63,0,0.0
2007,Air Force,Small,NULL,0,1,2,2,0,0.0
2007,Air Force,Small,NULL,1,1,125,125,3,18412.0
2007,Air Force,Large,0,0,0,1,1,10,59577.0
2007,Air Force,Large,0,0,1,2,2,5,20610.0
2007,Air Force,Large,0,1,1,205,308,53815,61820218712.0
2007,Air Force,Large,1,1,1,7,7,51,95761031.0
2007,Air Force,Medium,0,0,0,90,90,124,698800.0
2007,Air Force,Medium,0,0,1,256,259,422,2577125.0
2007,Air Force,Medium,0,1,1,876,949,4854,1868040132.0
2007,Air Force,Medium,1,0,0,111,111,175,147307.0
2007,Air Force,Medium,1,0,1,363,364,816,3611270.0
2007,Air Force,Medium,1,1,1,860,874,4707,859136879.0
2007,Air Force,Medium,NULL,0,0,39,39,0,0.0
2007,Air Force,Medium,NULL,0,1,1,1,0,0.0
2007,Air Force,Medium,NULL,1,1,38,38,2,13089.0
2007,Air Force,Unlabeled Vendor,1,0,0,1,1,1,-2429.0
2007,Air Force,Unlabeled Vendor,1,0,1,1,1,2,-1332.0
2007,Army,Small,0,0,0,2523,2524,4459,6265975.0
2007,Army,Small,0,0,1,8862,8902,16861,94360424.0
2007,Army,Small,0,1,1,26277,28766,326202,55432424696.0
2007,Army,Small,1,0,0,72,72,201,297768.0
2007,Army,Small,1,0,1,121,121,408,1518981.0
2007,Army,Small,1,1,1,439,451,4619,367170843.0
2007,Army,Small,NULL,0,0,156,156,0,0.0
2007,Army,Small,NULL,0,1,21,21,0,0.0
2007,Army,Small,NULL,1,1,438,439,0,0.0
2007,Army,Large,0,0,0,1,3,18,1287423.0
2007,Army,Large,0,0,1,1,5,40,40063068.0
2007,Army,Large,0,1,1,284,583,81293,68160314699.0
2007,Army,Large,1,1,1,10,13,962,747326935.0
2007,Army,Medium,0,0,0,351,351,553,1027837.0
2007,Army,Medium,0,0,1,904,921,1622,60534719.0
2007,Army,Medium,0,1,1,2555,2784,19601,10285936054.0
2007,Army,Medium,1,0,0,367,367,666,793927.0
2007,Army,Medium,1,0,1,633,633,1487,6159969.0
2007,Army,Medium,1,1,1,1905,1922,17076,2891915555.0
2007,Army,Medium,NULL,0,0,46,46,0,0.0
2007,Army,Medium,NULL,0,1,8,8,0,0.0
2007,Army,Medium,NULL,1,1,125,125,3,486300.0
2007,Army,Unlabeled Vendor,1,0,0,1,1,1,-491.0
2007,Army,Unlabeled Vendor,1,1,1,2,1,2,119129.0
2007,DLA,Small,0,0,0,280,280,436,1148005.0
2007,DLA,Small,0,0,1,1080,1083,4058,29013539.0
2007,DLA,Small,0,1,1,6469,7019,238140,11189423053.0
2007,DLA,Small,1,0,1,5,5,16,109014.0
2007,DLA,Small,1,1,1,32,32,3320,211589411.0
2007,DLA,Small,NULL,0,0,2,2,0,0.0
2007,DLA,Small,NULL,0,1,1,1,0,0.0
2007,DLA,Small,NULL,1,1,220,220,0,0.0
2007,DLA,Large,0,0,0,1,2,8,560379.0
2007,DLA,Large,0,1,1,162,225,224269,14745325505.0
2007,DLA,Large,1,1,1,10,10,4213,4735537006.0
2007,DLA,Large,NULL,1,1,1,1,0,0.0
2007,DLA,Medium,0,0,0,25,25,46,250579.0
2007,DLA,Medium,0,0,1,71,72,218,1969859.0
2007,DLA,Medium,0,1,1,270,307,5823,2565850951.0
2007,DLA,Medium,1,0,0,4,4,5,11666.0
2007,DLA,Medium,1,0,1,27,27,82,339649.0
2007,DLA,Medium,1,1,1,179,181,7625,2299162751.0
2007,DLA,Medium,NULL,0,0,2,2,0,0.0
2007,DLA,Medium,NULL,1,1,26,26,0,0.0
2007,MDA,Small,0,0,1,2,2,6,48975.0
2007,MDA,Small,0,1,1,280,281,954,477202994.0
2007,MDA,Large,0,1,1,30,30,1106,5235462625.0
2007,MDA,Medium,0,0,0,1,1,1,2629.0
2007,MDA,Medium,0,0,1,4,4,5,19596.0
2007,MDA,Medium,0,1,1,12,13,81,42867093.0
2007,MDA,Medium,1,1,1,2,2,5,4046132.0
2007,MilitaryHealth,Small,0,0,0,1,1,1,3685.0
2007,MilitaryHealth,Small,0,0,1,7,7,15,63578.0
2007,MilitaryHealth,Small,0,1,1,51,51,128,268994887.0
2007,MilitaryHealth,Large,0,1,1,17,17,526,7260477308.0
2007,MilitaryHealth,Medium,0,1,1,13,13,299,3068639794.0
2007,Navy,Small,0,0,0,1702,1702,2975,4303180.0
2007,Navy,Small,0,0,1,5081,5109,11318,62323188.0
2007,Navy,Small,0,1,1,17672,19451,189674,24349546437.0
2007,Navy,Small,1,0,0,104,104,365,315773.0
2007,Navy,Small,1,0,1,132,132,487,2152409.0
2007,Navy,Small,1,1,1,323,333,6703,213327674.0
2007,Navy,Small,NULL,0,0,73,73,0,0.0
2007,Navy,Small,NULL,0,1,4,4,0,0.0
2007,Navy,Small,NULL,1,1,132,132,0,0.0
2007,Navy,Large,0,0,0,1,1,1,3681.0
2007,Navy,Large,0,0,1,1,4,31,537405.0
2007,Navy,Large,0,1,1,251,455,97611,69682988039.0
2007,Navy,Large,1,1,1,5,9,849,103029135.0
2007,Navy,Medium,0,0,0,189,189,248,415861.0
2007,Navy,Medium,0,0,1,407,418,724,5211717.0
2007,Navy,Medium,0,1,1,1241,1378,11303,4682885230.0
2007,Navy,Medium,1,0,0,233,233,678,702212.0
2007,Navy,Medium,1,0,1,314,315,1101,3729645.0
2007,Navy,Medium,1,1,1,1068,1085,11703,1122817195.0
2007,Navy,Medium,NULL,0,0,52,52,0,0.0
2007,Navy,Medium,NULL,0,1,3,3,0,0.0
2007,Navy,Medium,NULL,1,1,89,89,0,0.0
2007,Navy,Unlabeled Vendor,1,0,0,2,1,2,4374.0
2007,Navy,Unlabeled Vendor,1,1,1,1,1,2,1651912.0
2007,Other DoD,Small,0,0,0,94,95,162,1613483.0
2007,Other DoD,Small,0,0,1,370,370,585,4090774.0
2007,Other DoD,Small,0,1,1,3262,3403,19333,3362689624.0
2007,Other DoD,Small,1,0,1,3,3,7,42781.0
2007,Other DoD,Small,1,1,1,25,25,152,11390412.0
2007,Other DoD,Small,NULL,0,0,5,5,0,0.0
2007,Other DoD,Small,NULL,0,1,4,4,0,0.0
2007,Other DoD,Small,NULL,1,1,22,22,0,0.0
2007,Other DoD,Large,0,0,1,1,1,2,20496.0
2007,Other DoD,Large,0,1,1,142,178,37589,6978052816.0
2007,Other DoD,Large,1,1,1,2,3,44,6815523.0
2007,Other DoD,Medium,0,0,0,21,21,25,4139230.0
2007,Other DoD,Medium,0,0,1,50,50,66,488070.0
2007,Other DoD,Medium,0,1,1,299,309,912,562961778.0
2007,Other DoD,Medium,1,0,0,3,3,7,1263.0
2007,Other DoD,Medium,1,0,1,15,15,17,143536.0
2007,Other DoD,Medium,1,1,1,93,94,550,151191294.0
2007,Other DoD,Medium,NULL,0,0,7,7,0,0.0
2007,Other DoD,Medium,NULL,0,1,1,1,0,0.0
2007,Other DoD,Medium,NULL,1,1,12,12,0,0.0
2007,Other DoD,Unlabeled Vendor,1,1,1,7,2,32,2564703.0
2008,Air Force,Small,0,0,0,429,432,633,1329037.0
2008,Air Force,Small,0,0,1,2242,2245,3601,55053891.0
2008,Air Force,Small,0,1,1,12053,12996,129052,17159387348.0
2008,Air Force,Small,1,0,0,27,27,56,-4171.0
2008,Air Force,Small,1,0,1,74,74,156,834867.0
2008,Air Force,Small,1,1,1,211,213,1404,80916522.0
2008,Air Force,Small,NULL,0,0,40,40,0,0.0
2008,Air Force,Small,NULL,0,1,1,1,0,0.0
2008,Air Force,Small,NULL,1,1,128,128,1,1210.0
2008,Air Force,Large,0,0,1,1,1,2,249129.0
2008,Air Force,Large,0,1,1,195,292,52427,52090967332.0
2008,Air Force,Large,1,0,0,1,1,7,13775.0
2008,Air Force,Large,1,1,1,3,3,35,15275970.0
2008,Air Force,Medium,0,0,0,74,75,117,4440590.0
2008,Air Force,Medium,0,0,1,231,233,393,2781743.0
2008,Air Force,Medium,0,1,1,937,1033,5572,1421315311.0
2008,Air Force,Medium,1,0,0,84,84,160,195595.0
2008,Air Force,Medium,1,0,1,281,281,541,2954861.0
2008,Air Force,Medium,1,1,1,895,908,4938,1027666142.0
2008,Air Force,Medium,NULL,0,0,30,30,0,0.0
2008,Air Force,Medium,NULL,1,1,43,43,0,0.0
2008,Army,Small,0,0,0,1989,1996,3548,26656519.0
2008,Army,Small,0,0,1,8139,8169,15234,89279896.0
2008,Army,Small,0,1,1,27560,30221,350103,63212677938.0
2008,Army,Small,1,0,0,46,46,105,100114.0
2008,Army,Small,1,0,1,103,103,308,1436087.0
2008,Army,Small,1,1,1,417,422,4603,810925877.0
2008,Army,Small,NULL,0,0,141,141,0,0.0
2008,Army,Small,NULL,0,1,24,24,0,0.0
2008,Army,Small,NULL,1,1,397,399,0,0.0
2008,Army,Large,0,0,1,1,2,76,14690062.0
2008,Army,Large,0,1,1,273,571,82288,91461341390.0
2008,Army,Large,1,0,0,1,1,31,213483.0
2008,Army,Large,1,1,1,9,11,626,341158594.0
2008,Army,Large,NULL,0,0,1,3,11,578744.0
2008,Army,Medium,0,0,0,291,291,498,2303124.0
2008,Army,Medium,0,0,1,917,920,1502,13906345.0
2008,Army,Medium,0,1,1,2828,3051,22575,28648207056.0
2008,Army,Medium,1,0,0,302,308,574,756908.0
2008,Army,Medium,1,0,1,553,553,1311,5595940.0
2008,Army,Medium,1,1,1,1896,1916,15249,3551462583.0
2008,Army,Medium,NULL,0,0,43,43,0,0.0
2008,Army,Medium,NULL,0,1,4,4,0,0.0
2008,Army,Medium,NULL,1,1,143,143,0,0.0
2008,Army,Unlabeled Vendor,1,0,1,1,1,1,19112.0
2008,DLA,Small,0,0,0,214,214,357,3301843.0
2008,DLA,Small,0,0,1,1021,1025,3036,19038154.0
2008,DLA,Small,0,1,1,7111,7737,284915,12469660658.0
2008,DLA,Small,1,0,0,1,1,1,3218.0
2008,DLA,Small,1,1,1,27,27,1240,427003099.0
2008,DLA,Small,NULL,0,0,2,2,0,0.0
2008,DLA,Small,NULL,0,1,1,1,0,0.0
2008,DLA,Small,NULL,1,1,263,264,0,0.0
2008,DLA,Large,0,1,1,162,224,251676,18209668635.0
2008,DLA,Large,1,0,0,1,2,16,350674.0
2008,DLA,Large,1,1,1,13,16,189,4173069716.0
2008,DLA,Large,NULL,1,1,1,1,0,0.0
2008,DLA,Medium,0,0,0,20,20,24,58358.0
2008,DLA,Medium,0,0,1,54,54,132,4450703.0
2008,DLA,Medium,0,1,1,336,377,11770,1833731442.0
2008,DLA,Medium,1,0,0,7,7,8,26098.0
2008,DLA,Medium,1,0,1,25,25,83,353794.0
2008,DLA,Medium,1,1,1,189,191,11955,3189578460.0
2008,DLA,Medium,NULL,0,0,4,4,0,0.0
2008,DLA,Medium,NULL,1,1,63,63,0,0.0
2008,DLA,Unlabeled Vendor,0,1,1,1,1,0,0.0
2008,MDA,Small,0,0,0,1,1,1,2710.0
2008,MDA,Small,0,0,1,7,7,9,28887.0
2008,MDA,Small,0,1,1,269,270,1132,553040595.0
2008,MDA,Large,0,1,1,27,27,1538,5928571747.0
2008,MDA,Medium,0,0,1,1,1,1,0.0
2008,MDA,Medium,0,1,1,18,19,132,18752154.0
2008,MDA,Medium,1,1,1,2,2,4,3275450.0
2008,MilitaryHealth,Small,0,1,1,36,37,259,2821399863.0
2008,MilitaryHealth,Large,0,1,1,12,12,524,6819982610.0
2008,MilitaryHealth,Medium,0,1,1,13,13,213,713081911.0
2008,Navy,Small,0,0,0,1347,1356,2591,18127727.0
2008,Navy,Small,0,0,1,4515,4540,9591,47542727.0
2008,Navy,Small,0,1,1,18169,20082,203382,23626590971.0
2008,Navy,Small,1,0,0,55,55,98,91365.0
2008,Navy,Small,1,0,1,99,99,266,1164775.0
2008,Navy,Small,1,1,1,283,289,3981,205130784.0
2008,Navy,Small,NULL,0,0,53,53,0,0.0
2008,Navy,Small,NULL,0,1,2,2,0,0.0
2008,Navy,Small,NULL,1,1,120,120,0,0.0
2008,Navy,Large,0,0,1,2,4,8,113305.0
2008,Navy,Large,0,1,1,236,401,96139,78399591470.0
2008,Navy,Large,1,0,0,1,1,20,476292.0
2008,Navy,Large,1,1,1,5,7,100,1730614.0
2008,Navy,Large,NULL,0,0,1,1,1,1521.0
2008,Navy,Medium,0,0,0,171,171,245,3674218.0
2008,Navy,Medium,0,0,1,472,475,770,3913248.0
2008,Navy,Medium,0,1,1,1359,1514,14907,5706624891.0
2008,Navy,Medium,1,0,0,274,278,750,915612.0
2008,Navy,Medium,1,0,1,362,364,1646,6100788.0
2008,Navy,Medium,1,1,1,1085,1111,11538,848635552.0
2008,Navy,Medium,NULL,0,0,19,19,0,0.0
2008,Navy,Medium,NULL,0,1,3,3,1,9766.0
2008,Navy,Medium,NULL,1,1,74,74,6,6542139.0
2008,Navy,Unlabeled Vendor,0,1,1,1,1,0,0.0
2008,Navy,Unlabeled Vendor,1,0,0,2,1,3,0.0
2008,Navy,Unlabeled Vendor,1,1,1,3,1,26,1216585.0
2008,Other DoD,Small,0,0,0,51,52,97,18312255.0
2008,Other DoD,Small,0,0,1,378,378,581,2994747.0
2008,Other DoD,Small,0,1,1,3454,3609,23237,4144806322.0
2008,Other DoD,Small,1,0,0,5,5,12,18207.0
2008,Other DoD,Small,1,0,1,6,6,7,36369.0
2008,Other DoD,Small,1,1,1,24,24,147,5993246.0
2008,Other DoD,Small,NULL,0,0,7,7,0,0.0
2008,Other DoD,Small,NULL,0,1,4,4,0,0.0
2008,Other DoD,Small,NULL,1,1,21,21,0,0.0
2008,Other DoD,Large,0,1,1,143,168,39544,10690625175.0
2008,Other DoD,Large,1,0,0,1,1,4,81971.0
2008,Other DoD,Large,1,1,1,4,4,34,3357464.0
2008,Other DoD,Medium,0,0,0,14,14,21,39062.0
2008,Other DoD,Medium,0,0,1,65,65,97,133031.0
2008,Other DoD,Medium,0,1,1,360,374,1673,811231140.0
2008,Other DoD,Medium,1,0,0,19,19,31,46610.0
2008,Other DoD,Medium,1,0,1,31,31,124,306494.0
2008,Other DoD,Medium,1,1,1,174,174,2089,180246671.0
2008,Other DoD,Medium,NULL,0,0,2,2,0,0.0
2008,Other DoD,Medium,NULL,0,1,1,1,0,0.0
2008,Other DoD,Medium,NULL,1,1,16,16,0,0.0
2009,Air Force,Small,0,0,0,436,436,682,1077023.0
2009,Air Force,Small,0,0,1,2098,2103,3203,20397780.0
2009,Air Force,Small,0,1,1,12052,12844,134601,17441891510.0
2009,Air Force,Small,1,0,0,10,10,13,-28527.0
2009,Air Force,Small,1,0,1,58,58,118,539820.0
2009,Air Force,Small,1,1,1,187,188,1028,70510348.0
2009,Air Force,Small,NULL,0,0,27,27,0,0.0
2009,Air Force,Small,NULL,0,1,1,1,0,0.0
2009,Air Force,Small,NULL,1,1,142,142,3,0.0
2009,Air Force,Large,0,0,0,1,3,8,662361.0
2009,Air Force,Large,0,0,1,3,11,117,37257062.0
2009,Air Force,Large,0,1,1,195,312,48419,52720009791.0
2009,Air Force,Large,1,1,1,7,11,63,385172753.0
2009,Air Force,Medium,0,0,0,73,74,89,51495.0
2009,Air Force,Medium,0,0,1,246,247,369,1983055.0
2009,Air Force,Medium,0,1,1,1004,1137,6421,4911944154.0
2009,Air Force,Medium,1,0,0,77,77,114,232876.0
2009,Air Force,Medium,1,0,1,235,236,490,2419062.0
2009,Air Force,Medium,1,1,1,951,970,4847,809717429.0
2009,Air Force,Medium,NULL,0,0,23,23,18,4821538.0
2009,Air Force,Medium,NULL,0,1,2,2,0,0.0
2009,Air Force,Medium,NULL,1,1,45,45,1,0.0
2009,Army,Small,0,0,0,1892,1897,3379,1258493.0
2009,Army,Small,0,0,1,7618,7646,13895,92248584.0
2009,Army,Small,0,1,1,28248,30813,330006,59923839187.0
2009,Army,Small,1,0,0,86,86,183,33583.0
2009,Army,Small,1,0,1,106,106,251,513454.0
2009,Army,Small,1,1,1,386,396,4440,462057738.0
2009,Army,Small,NULL,0,0,83,83,0,0.0
2009,Army,Small,NULL,0,1,14,14,0,0.0
2009,Army,Small,NULL,1,1,374,376,13,9140694.0
2009,Army,Large,0,0,0,1,3,15,11668859.0
2009,Army,Large,0,0,1,3,10,20,3356261.0
2009,Army,Large,0,1,1,284,582,75754,85455848207.0
2009,Army,Large,1,1,1,12,21,10160,1304959374.0
2009,Army,Large,NULL,0,0,1,2,18,2222654.0
2009,Army,Large,NULL,1,1,1,1,0,0.0
2009,Army,Medium,0,0,0,291,295,450,-931679.0
2009,Army,Medium,0,0,1,1002,1006,1804,11340481.0
2009,Army,Medium,0,1,1,3067,3418,24069,-2380057133.0
2009,Army,Medium,1,0,0,287,287,518,141476.0
2009,Army,Medium,1,0,1,484,487,1071,5348808.0
2009,Army,Medium,1,1,1,2149,2180,17641,4734191519.0
2009,Army,Medium,NULL,0,0,21,21,13,38469584.0
2009,Army,Medium,NULL,0,1,5,5,0,0.0
2009,Army,Medium,NULL,1,1,124,125,0,0.0
2009,Army,Unlabeled Vendor,1,1,1,4,1,5,1197402.0
2009,DLA,Small,0,0,0,269,271,433,1182963.0
2009,DLA,Small,0,0,1,1140,1148,3620,23769193.0
2009,DLA,Small,0,1,1,7076,7716,225678,11222776602.0
2009,DLA,Small,1,0,0,1,1,1,84510.0
2009,DLA,Small,1,0,1,5,5,21,115051.0
2009,DLA,Small,1,1,1,33,34,1862,84200928.0
2009,DLA,Small,NULL,0,0,86,86,0,0.0
2009,DLA,Small,NULL,1,1,35,35,0,0.0
2009,DLA,Large,0,0,0,1,2,32,964217.0
2009,DLA,Large,0,0,1,2,2,2,9463.0
2009,DLA,Large,0,1,1,167,225,232069,19158483327.0
2009,DLA,Large,1,1,1,16,25,299,6385888154.0
2009,DLA,Large,NULL,0,0,2,2,11,747525.0
2009,DLA,Medium,0,0,0,29,29,44,30255.0
2009,DLA,Medium,0,0,1,67,67,139,972297.0
2009,DLA,Medium,0,1,1,380,453,8008,1926737010.0
2009,DLA,Medium,1,0,0,12,12,28,-161975.0
2009,DLA,Medium,1,0,1,24,24,78,526676.0
2009,DLA,Medium,1,1,1,197,203,20802,4013760220.0
2009,DLA,Medium,NULL,0,0,28,28,0,0.0
2009,DLA,Medium,NULL,1,1,12,12,0,0.0
2009,MDA,Small,0,0,0,1,1,1,-24170.0
2009,MDA,Small,0,0,1,5,5,7,37588.0
2009,MDA,Small,0,1,1,287,288,1300,600907904.0
2009,MDA,Large,0,1,1,31,31,1867,5741252558.0
2009,MDA,Medium,0,1,1,20,20,126,48222791.0
2009,MDA,Medium,1,1,1,1,1,3,2416081.0
2009,MilitaryHealth,Small,0,0,1,1,1,1,10115.0
2009,MilitaryHealth,Small,0,1,1,33,34,202,2991877855.0
2009,MilitaryHealth,Large,0,1,1,13,13,508,9385558082.0
2009,MilitaryHealth,Medium,0,1,1,13,13,168,940234068.0
2009,Navy,Small,0,0,0,1292,1297,2431,4715464.0
2009,Navy,Small,0,0,1,4217,4251,9505,48223500.0
2009,Navy,Small,0,1,1,17728,19478,193748,24805906449.0
2009,Navy,Small,1,0,0,20,20,42,58900.0
2009,Navy,Small,1,0,1,54,54,115,583669.0
2009,Navy,Small,1,1,1,196,203,1769,157840742.0
2009,Navy,Small,NULL,0,0,29,29,1,4159.0
2009,Navy,Small,NULL,0,1,3,3,0,0.0
2009,Navy,Small,NULL,1,1,133,134,29,4122432.0
2009,Navy,Large,0,0,0,1,4,58,5878248.0
2009,Navy,Large,0,0,1,2,9,76,3232089.0
2009,Navy,Large,0,1,1,242,446,91551,74326675408.0
2009,Navy,Large,1,1,1,9,24,985,106524297.0
2009,Navy,Large,NULL,0,0,1,2,3,113044.0
2009,Navy,Medium,0,0,0,180,180,256,90218.0
2009,Navy,Medium,0,0,1,451,452,674,3670817.0
2009,Navy,Medium,0,1,1,1512,1740,20863,7505357947.0
2009,Navy,Medium,1,0,0,257,257,731,803327.0
2009,Navy,Medium,1,0,1,382,386,1387,7598568.0
2009,Navy,Medium,1,1,1,1237,1274,13504,905111040.0
2009,Navy,Medium,NULL,0,0,17,18,37,2492903.0
2009,Navy,Medium,NULL,0,1,3,3,1,0.0
2009,Navy,Medium,NULL,1,1,74,74,0,0.0
2009,Navy,Unlabeled Vendor,1,0,0,1,1,1,3756.0
2009,Navy,Unlabeled Vendor,1,0,1,2,1,3,5995.0
2009,Navy,Unlabeled Vendor,1,1,1,1,1,4,7316290.0
2009,Other DoD,Small,0,0,0,60,60,101,-597468.0
2009,Other DoD,Small,0,0,1,381,381,537,3296814.0
2009,Other DoD,Small,0,1,1,4067,4262,27497,5573174619.0
2009,Other DoD,Small,1,0,0,3,3,4,3679.0
2009,Other DoD,Small,1,0,1,8,8,12,95521.0
2009,Other DoD,Small,1,1,1,50,50,566,42427543.0
2009,Other DoD,Small,NULL,0,0,3,3,0,0.0
2009,Other DoD,Small,NULL,1,1,23,23,0,0.0
2009,Other DoD,Large,0,0,0,1,3,19,15316918.0
2009,Other DoD,Large,0,0,1,1,1,1,-16608.0
2009,Other DoD,Large,0,1,1,168,223,40645,10930054500.0
2009,Other DoD,Large,1,1,1,4,5,167,16014069.0
2009,Other DoD,Large,NULL,0,0,1,1,1,40781.0
2009,Other DoD,Medium,0,0,0,18,18,20,-49661.0
2009,Other DoD,Medium,0,0,1,79,79,100,465669.0
2009,Other DoD,Medium,0,1,1,417,434,2091,492276916.0
2009,Other DoD,Medium,1,0,0,15,15,18,26756.0
2009,Other DoD,Medium,1,0,1,33,33,57,290340.0
2009,Other DoD,Medium,1,1,1,214,214,1615,152560255.0
2009,Other DoD,Medium,NULL,0,0,6,6,0,0.0
2009,Other DoD,Medium,NULL,1,1,13,13,0,0.0
2010,Air Force,Small,0,0,0,376,376,587,-211622.0
2010,Air Force,Small,0,0,1,1835,1843,2767,18213727.0
2010,Air Force,Small,0,1,1,12070,12911,128899,16553022013.0
2010,Air Force,Small,1,0,0,3,3,3,-26674.0
2010,Air Force,Small,1,0,1,29,29,55,207455.0
2010,Air Force,Small,1,1,1,140,140,637,41335659.0
2010,Air Force,Small,NULL,0,0,45,45,0,0.0
2010,Air Force,Small,NULL,0,1,1,1,0,0.0
2010,Air Force,Small,NULL,1,1,154,155,0,0.0
2010,Air Force,Large,0,1,1,191,224,47395,50325922586.0
2010,Air Force,Large,1,1,1,5,5,108,286573030.0
2010,Air Force,Large,NULL,1,1,1,3,75,1469560.0
2010,Air Force,Medium,0,0,0,60,61,89,134336.0
2010,Air Force,Medium,0,0,1,247,277,462,3971631.0
2010,Air Force,Medium,0,1,1,1060,1123,11206,3541892664.0
2010,Air Force,Medium,1,0,0,58,58,90,10013.0
2010,Air Force,Medium,1,0,1,198,198,362,7086728.0
2010,Air Force,Medium,1,1,1,929,951,4782,1225347313.0
2010,Air Force,Medium,NULL,0,0,51,51,0,0.0
2010,Air Force,Medium,NULL,1,1,39,39,0,0.0
2010,Army,Small,0,0,0,1707,1708,2682,-20214.0
2010,Army,Small,0,0,1,6806,6842,12591,85999093.0
2010,Army,Small,0,1,1,27606,30041,323964,53952403707.0
2010,Army,Small,1,0,0,16,16,27,-77827.0
2010,Army,Small,1,0,1,66,66,160,2036730.0
2010,Army,Small,1,1,1,239,243,2495,439514104.0
2010,Army,Small,NULL,0,0,194,194,0,0.0
2010,Army,Small,NULL,0,1,13,13,0,0.0
2010,Army,Small,NULL,1,1,399,400,16,5143054.0
2010,Army,Large,0,0,1,2,2,4,11557.0
2010,Army,Large,0,1,1,277,384,77963,82882434460.0
2010,Army,Large,1,1,1,9,13,880,170910977.0
2010,Army,Large,NULL,1,1,1,7,152,4159196.0
2010,Army,Medium,0,0,0,274,278,387,731230.0
2010,Army,Medium,0,0,1,889,995,2440,76451894.0
2010,Army,Medium,0,1,1,3264,3576,33829,13637272261.0
2010,Army,Medium,1,0,0,292,292,532,813777.0
2010,Army,Medium,1,0,1,505,511,1137,7648881.0
2010,Army,Medium,1,1,1,2149,2177,18677,4930705885.0
2010,Army,Medium,NULL,0,0,38,38,1,154.0
2010,Army,Medium,NULL,0,1,6,6,0,0.0
2010,Army,Medium,NULL,1,1,136,138,4,76493.0
2010,Army,Unlabeled Vendor,1,0,1,1,1,1,-7449.0
2010,Army,Unlabeled Vendor,1,1,1,3,1,5,5846982.0
2010,DLA,Small,0,0,0,188,188,312,656417.0
2010,DLA,Small,0,0,1,1061,1065,3615,21063794.0
2010,DLA,Small,0,1,1,7334,7999,229713,11787660982.0
2010,DLA,Small,1,0,0,3,3,4,1281.0
2010,DLA,Small,1,0,1,5,5,15,110465.0
2010,DLA,Small,1,1,1,42,43,2107,264335426.0
2010,DLA,Small,NULL,0,0,22,22,0,0.0
2010,DLA,Small,NULL,0,1,1,1,0,0.0
2010,DLA,Small,NULL,1,1,133,134,0,0.0
2010,DLA,Large,0,1,1,167,209,247888,15833560439.0
2010,DLA,Large,1,1,1,13,15,165,5642894653.0
2010,DLA,Large,NULL,1,1,2,2,223,4443193.0
2010,DLA,Medium,0,0,0,20,20,25,-183123.0
2010,DLA,Medium,0,0,1,59,78,1154,21990918.0
2010,DLA,Medium,0,1,1,377,427,15960,1700559104.0
2010,DLA,Medium,1,0,0,8,8,8,23620.0
2010,DLA,Medium,1,0,1,19,19,222,913231.0
2010,DLA,Medium,1,1,1,187,190,27393,3496749290.0
2010,DLA,Medium,NULL,0,0,4,4,0,0.0
2010,DLA,Medium,NULL,0,1,1,1,0,0.0
2010,DLA,Medium,NULL,1,1,46,49,1,29177.0
2010,MDA,Small,0,0,1,3,3,5,7618.0
2010,MDA,Small,0,1,1,319,323,1455,565718423.0
2010,MDA,Large,0,1,1,32,32,1895,5313931290.0
2010,MDA,Medium,0,1,1,28,28,208,60817723.0
2010,MDA,Medium,1,1,1,1,1,5,2434517.0
2010,MilitaryHealth,Small,0,0,1,1,1,1,-1023.0
2010,MilitaryHealth,Small,0,1,1,41,41,254,3015956388.0
2010,MilitaryHealth,Large,0,1,1,12,12,733,8070442041.0
2010,MilitaryHealth,Medium,0,1,1,13,13,293,1025332604.0
2010,Navy,Small,0,0,0,1246,1252,2492,2408217.0
2010,Navy,Small,0,0,1,3904,3946,8329,39850652.0
2010,Navy,Small,0,1,1,17983,19826,198520,24759369132.0
2010,Navy,Small,1,0,0,10,10,16,4032.0
2010,Navy,Small,1,0,1,32,32,81,728107.0
2010,Navy,Small,1,1,1,142,144,1998,65514003.0
2010,Navy,Small,NULL,0,0,52,52,0,0.0
2010,Navy,Small,NULL,0,1,2,2,0,0.0
2010,Navy,Small,NULL,1,1,147,148,8,938255.0
2010,Navy,Large,0,1,1,237,326,86613,65366198275.0
2010,Navy,Large,1,1,1,7,11,608,77693361.0
2010,Navy,Large,NULL,1,1,1,6,111,3399173.0
2010,Navy,Medium,0,0,0,163,165,289,2349376.0
2010,Navy,Medium,0,0,1,427,490,1109,10472928.0
2010,Navy,Medium,0,1,1,1672,1841,17158,6366177106.0
2010,Navy,Medium,1,0,0,241,241,603,1048454.0
2010,Navy,Medium,1,0,1,310,314,1047,2846744.0
2010,Navy,Medium,1,1,1,1273,1300,14055,1009610984.0
2010,Navy,Medium,NULL,0,0,17,17,0,0.0
2010,Navy,Medium,NULL,0,1,1,1,0,0.0
2010,Navy,Medium,NULL,1,1,84,84,1,0.0
2010,Navy,Unlabeled Vendor,1,1,1,2,1,4,3655710.0
2010,Other DoD,Small,0,0,0,61,61,83,341250.0
2010,Other DoD,Small,0,0,1,372,372,532,3394567.0
2010,Other DoD,Small,0,1,1,4456,4747,32872,5753445716.0
2010,Other DoD,Small,1,0,0,3,3,4,4951.0
2010,Other DoD,Small,1,0,1,17,17,37,204694.0
2010,Other DoD,Small,1,1,1,37,37,175,109908156.0
2010,Other DoD,Small,NULL,0,0,4,4,0,0.0
2010,Other DoD,Small,NULL,1,1,10,12,92,45654107.0
2010,Other DoD,Large,0,1,1,171,186,47745,11699599624.0
2010,Other DoD,Large,1,1,1,2,2,35,45128630.0
2010,Other DoD,Large,NULL,1,1,1,2,5,953730.0
2010,Other DoD,Medium,0,0,0,20,20,22,61659.0
2010,Other DoD,Medium,0,0,1,73,81,320,33325805.0
2010,Other DoD,Medium,0,1,1,520,531,2517,729372401.0
2010,Other DoD,Medium,1,0,0,17,17,54,-10015.0
2010,Other DoD,Medium,1,0,1,28,28,78,297015.0
2010,Other DoD,Medium,1,1,1,202,204,1641,445518292.0
2010,Other DoD,Medium,NULL,0,0,10,10,0,0.0
2010,Other DoD,Medium,NULL,1,1,21,21,0,0.0
2011,Air Force,Small,0,0,0,339,339,483,-127020.0
2011,Air Force,Small,0,0,1,1663,1665,2416,16276373.0
2011,Air Force,Small,0,1,1,11766,12441,137819,15439904074.0
2011,Air Force,Small,1,0,0,5,5,6,-37439.0
2011,Air Force,Small,1,0,1,23,24,44,94867.0
2011,Air Force,Small,1,1,1,134,135,741,64216790.0
2011,Air Force,Small,NULL,0,0,45,45,0,0.0
2011,Air Force,Small,NULL,0,1,3,3,0,0.0
2011,Air Force,Small,NULL,1,1,165,166,0,0.0
2011,Air Force,Large,0,0,0,2,4,12,7326599.0
2011,Air Force,Large,0,0,1,2,7,121,56847731.0
2011,Air Force,Large,0,1,1,180,228,45314,49837503293.0
2011,Air Force,Large,1,1,1,4,5,174,139973910.0
2011,Air Force,Medium,0,0,0,50,51,75,299764.0
2011,Air Force,Medium,0,0,1,238,238,325,2257919.0
2011,Air Force,Medium,0,1,1,1177,1299,11430,4396456441.0
2011,Air Force,Medium,1,0,0,48,48,68,89787.0
2011,Air Force,Medium,1,0,1,173,174,305,1668227.0
2011,Air Force,Medium,1,1,1,962,976,4614,1005964577.0
2011,Air Force,Medium,NULL,0,0,26,26,0,0.0
2011,Air Force,Medium,NULL,0,1,1,1,0,0.0
2011,Air Force,Medium,NULL,1,1,46,49,5,48126.0
2011,Army,Small,0,0,0,1503,1518,2643,1859900.0
2011,Army,Small,0,0,1,5954,5970,10817,51976611.0
2011,Army,Small,0,1,1,26518,28717,289736,47556247801.0
2011,Army,Small,1,0,0,5,5,8,4591.0
2011,Army,Small,1,0,1,22,22,36,-1303437.0
2011,Army,Small,1,1,1,123,125,995,333470042.0
2011,Army,Small,NULL,0,0,142,142,0,0.0
2011,Army,Small,NULL,0,1,17,17,1,7023.0
2011,Army,Small,NULL,1,1,428,428,1,504052.0
2011,Army,Large,0,0,0,2,10,25,1822012.0
2011,Army,Large,0,0,1,2,9,37,4359500.0
2011,Army,Large,0,1,1,264,360,71746,69645852996.0
2011,Army,Large,1,1,1,9,14,690,677715938.0
2011,Army,Large,NULL,1,1,1,1,0,0.0
2011,Army,Medium,0,0,0,295,308,487,1167411.0
2011,Army,Medium,0,0,1,911,914,1542,6224696.0
2011,Army,Medium,0,1,1,3537,3975,36750,12885739627.0
2011,Army,Medium,1,0,0,232,232,450,294774.0
2011,Army,Medium,1,0,1,435,434,838,4879870.0
2011,Army,Medium,1,1,1,2402,2434,28613,4456607060.0
2011,Army,Medium,NULL,0,0,20,20,0,0.0
2011,Army,Medium,NULL,0,1,4,4,1,15284.0
2011,Army,Medium,NULL,1,1,147,149,18,1412079.0
2011,Army,Unlabeled Vendor,1,1,1,1,1,1,26279.0
2011,DLA,Small,0,0,0,382,383,801,967529.0
2011,DLA,Small,0,0,1,1210,1214,4324,24142557.0
2011,DLA,Small,0,1,1,7506,8195,264984,12174696527.0
2011,DLA,Small,1,0,1,4,4,4,27506.0
2011,DLA,Small,1,1,1,38,41,2651,126874200.0
2011,DLA,Small,NULL,0,0,1,1,0,0.0
2011,DLA,Small,NULL,1,1,125,127,0,0.0
2011,DLA,Large,0,0,1,1,2,7,6045913.0
2011,DLA,Large,0,1,1,151,204,229081,16010115063.0
2011,DLA,Large,1,1,1,12,15,140,3396949420.0
2011,DLA,Large,NULL,1,1,1,1,0,0.0
2011,DLA,Medium,0,0,0,26,25,42,38159.0
2011,DLA,Medium,0,0,1,75,75,369,3305833.0
2011,DLA,Medium,0,1,1,559,660,25999,2097277225.0
2011,DLA,Medium,1,0,0,6,6,9,8634.0
2011,DLA,Medium,1,0,1,24,24,82,453446.0
2011,DLA,Medium,1,1,1,209,206,45683,5364063339.0
2011,DLA,Medium,NULL,0,0,4,4,0,0.0
2011,DLA,Medium,NULL,1,1,34,37,110,2758396.0
2011,MDA,Small,0,0,1,2,2,2,11910.0
2011,MDA,Small,0,1,1,364,366,1900,664130274.0
2011,MDA,Large,0,1,1,24,23,2027,5080683932.0
2011,MDA,Medium,0,1,1,29,30,232,86891548.0
2011,MDA,Medium,1,1,1,1,1,2,2435978.0
2011,MilitaryHealth,Small,0,0,0,4,4,4,4611.0
2011,MilitaryHealth,Small,0,0,1,13,13,21,56449.0
2011,MilitaryHealth,Small,0,1,1,128,129,450,3373306202.0
2011,MilitaryHealth,Large,0,1,1,25,25,914,8424480443.0
2011,MilitaryHealth,Medium,0,0,0,6,6,9,14410.0
2011,MilitaryHealth,Medium,0,0,1,5,5,6,19827.0
2011,MilitaryHealth,Medium,0,1,1,21,21,446,1086124816.0
2011,Navy,Small,0,0,0,1093,1096,1858,2041034.0
2011,Navy,Small,0,0,1,3468,3485,6750,31403312.0
2011,Navy,Small,0,1,1,17617,19243,186923,24208749827.0
2011,Navy,Small,1,0,0,11,11,21,25555.0
2011,Navy,Small,1,0,1,21,21,66,-330118.0
2011,Navy,Small,1,1,1,97,104,856,103094220.0
2011,Navy,Small,NULL,0,0,53,53,0,0.0
2011,Navy,Small,NULL,0,1,1,1,0,0.0
2011,Navy,Small,NULL,1,1,127,128,0,0.0
2011,Navy,Large,0,0,0,3,7,41,787780.0
2011,Navy,Large,0,0,1,2,12,126,6678658.0
2011,Navy,Large,0,1,1,241,343,95000,79663846798.0
2011,Navy,Large,1,1,1,5,10,833,79250922.0
2011,Navy,Medium,0,0,0,174,175,261,116600.0
2011,Navy,Medium,0,0,1,484,486,869,13471101.0
2011,Navy,Medium,0,1,1,1959,2217,22774,7850616250.0
2011,Navy,Medium,1,0,0,171,171,369,435107.0
2011,Navy,Medium,1,0,1,292,291,960,4142866.0
2011,Navy,Medium,1,1,1,1248,1262,13685,815888060.0
2011,Navy,Medium,NULL,0,0,40,40,0,0.0
2011,Navy,Medium,NULL,0,1,2,2,0,0.0
2011,Navy,Medium,NULL,1,1,66,70,19,186880.0
2011,Other DoD,Small,0,0,0,63,63,124,-827664.0
2011,Other DoD,Small,0,0,1,330,329,454,1983151.0
2011,Other DoD,Small,0,1,1,4522,4759,978927,6427024850.0
2011,Other DoD,Small,1,0,0,2,2,2,4107.0
2011,Other DoD,Small,1,0,1,13,13,20,109039.0
2011,Other DoD,Small,1,1,1,22,22,131,25127388.0
2011,Other DoD,Small,NULL,1,1,8,8,0,0.0
2011,Other DoD,Large,0,0,0,1,2,3,47691.0
2011,Other DoD,Large,0,0,1,1,3,11,-79414.0
2011,Other DoD,Large,0,1,1,160,189,9380582,14362164523.0
2011,Other DoD,Medium,0,0,0,16,16,26,-19418.0
2011,Other DoD,Medium,0,0,1,74,74,113,542002.0
2011,Other DoD,Medium,0,1,1,615,638,8654,640242011.0
2011,Other DoD,Medium,1,0,0,19,19,79,88096.0
2011,Other DoD,Medium,1,0,1,26,26,104,342280.0
2011,Other DoD,Medium,1,1,1,213,212,3260,315438885.0
2011,Other DoD,Medium,NULL,0,0,2,2,0,0.0
2011,Other DoD,Medium,NULL,1,1,5,5,0,0.0
2012,Air Force,Small,0,0,0,272,272,357,-67658.0
2012,Air Force,Small,0,0,1,1271,1274,1880,9847630.0
2012,Air Force,Small,0,1,1,11053,11735,116276,15301708251.0
2012,Air Force,Small,1,0,0,4,4,5,2197.0
2012,Air Force,Small,1,0,1,27,27,45,231785.0
2012,Air Force,Small,1,1,1,129,129,433,27848393.0
2012,Air Force,Small,NULL,0,0,53,53,0,0.0
2012,Air Force,Small,NULL,0,1,3,3,0,0.0
2012,Air Force,Small,NULL,1,1,169,171,0,0.0
2012,Air Force,Large,0,0,0,1,1,1,68753.0
2012,Air Force,Large,0,0,1,1,1,1,1428.0
2012,Air Force,Large,0,1,1,171,226,38919,53381012189.0
2012,Air Force,Large,1,1,1,3,3,93,108770428.0
2012,Air Force,Medium,0,0,0,45,45,77,-31702.0
2012,Air Force,Medium,0,0,1,205,205,283,1553942.0
2012,Air Force,Medium,0,1,1,1070,1149,10529,5284706752.0
2012,Air Force,Medium,1,0,0,47,47,118,-60582.0
2012,Air Force,Medium,1,0,1,135,134,235,1133599.0
2012,Air Force,Medium,1,1,1,934,954,4912,1060750105.0
2012,Air Force,Medium,NULL,0,0,18,18,0,0.0
2012,Air Force,Medium,NULL,0,1,3,3,0,0.0
2012,Air Force,Medium,NULL,1,1,46,46,0,0.0
2012,Army,Small,0,0,0,1158,1158,2060,537405.0
2012,Army,Small,0,0,1,4871,4900,8816,43574898.0
2012,Army,Small,0,1,1,25002,26905,255465,40225810310.0
2012,Army,Small,1,0,0,8,8,9,-4050.0
2012,Army,Small,1,0,1,15,15,26,131768.0
2012,Army,Small,1,1,1,107,108,818,185631399.0
2012,Army,Small,NULL,0,0,142,142,0,0.0
2012,Army,Small,NULL,0,1,20,20,0,0.0
2012,Army,Small,NULL,1,1,446,447,3,514037.0
2012,Army,Large,0,0,0,1,3,10,34930.0
2012,Army,Large,0,0,1,1,5,29,64870187.0
2012,Army,Large,0,1,1,255,432,66868,59947268805.0
2012,Army,Large,1,1,1,8,9,861,382621325.0
2012,Army,Medium,0,0,0,229,235,400,7702776.0
2012,Army,Medium,0,0,1,777,787,1163,5187856.0
2012,Army,Medium,0,1,1,3323,3717,32335,10921205818.0
2012,Army,Medium,1,0,0,165,163,228,-663042.0
2012,Army,Medium,1,0,1,305,306,637,1026169.0
2012,Army,Medium,1,1,1,2104,2135,31685,3637836730.0
2012,Army,Medium,NULL,0,0,39,39,29,1160643.0
2012,Army,Medium,NULL,0,1,4,4,0,0.0
2012,Army,Medium,NULL,1,1,169,169,28,1922990.0
2012,Army,Unlabeled Vendor,1,1,1,1,1,1,-12826.0
2012,DLA,Small,0,0,0,341,341,560,639065.0
2012,DLA,Small,0,0,1,1242,1247,3948,20042097.0
2012,DLA,Small,0,1,1,7433,8119,241797,12620714398.0
2012,DLA,Small,1,0,1,8,8,35,212120.0
2012,DLA,Small,1,1,1,41,44,854,104386466.0
2012,DLA,Small,NULL,0,0,4,4,0,0.0
2012,DLA,Small,NULL,0,1,2,2,0,0.0
2012,DLA,Small,NULL,1,1,56,56,0,0.0
2012,DLA,Large,0,1,1,154,226,235915,21384580873.0
2012,DLA,Large,1,1,1,14,17,149,3587253834.0
2012,DLA,Medium,0,0,0,22,23,185,3222191.0
2012,DLA,Medium,0,0,1,58,60,113,2312186.0
2012,DLA,Medium,0,1,1,464,529,10528,2466780692.0
2012,DLA,Medium,1,0,0,8,7,10,-3688.0
2012,DLA,Medium,1,0,1,38,38,91,524061.0
2012,DLA,Medium,1,1,1,227,223,47945,5687758721.0
2012,DLA,Medium,NULL,1,1,27,27,3,9080756.0
2012,MDA,Small,0,0,1,3,3,5,16844.0
2012,MDA,Small,0,1,1,322,320,1857,773877463.0
2012,MDA,Small,NULL,1,1,1,1,0,0.0
2012,MDA,Large,0,1,1,19,19,2155,6492965363.0
2012,MDA,Medium,0,1,1,30,30,202,38984098.0
2012,MDA,Medium,1,1,1,1,1,2,2471180.0
2012,MilitaryHealth,Small,0,0,0,13,13,18,22663.0
2012,MilitaryHealth,Small,0,0,1,55,55,173,498219.0
2012,MilitaryHealth,Small,0,1,1,400,408,1644,211436449.0
2012,MilitaryHealth,Large,0,1,1,44,45,818,8235967375.0
2012,MilitaryHealth,Medium,0,0,0,11,11,17,22647.0
2012,MilitaryHealth,Medium,0,0,1,18,18,26,120201.0
2012,MilitaryHealth,Medium,0,1,1,70,70,500,4162563517.0
2012,Navy,Small,0,0,0,809,808,1539,1148009.0
2012,Navy,Small,0,0,1,2920,2932,5567,26901810.0
2012,Navy,Small,0,1,1,17113,18597,175190,23362607768.0
2012,Navy,Small,1,0,0,4,4,9,7160.0
2012,Navy,Small,1,0,1,23,23,100,597701.0
2012,Navy,Small,1,1,1,95,100,498,37803255.0
2012,Navy,Small,NULL,0,0,62,62,0,0.0
2012,Navy,Small,NULL,0,1,1,1,0,0.0
2012,Navy,Small,NULL,1,1,159,160,0,0.0
2012,Navy,Large,0,0,0,1,1,1,5180.0
2012,Navy,Large,0,0,1,3,7,51,2139636.0
2012,Navy,Large,0,1,1,225,390,84635,70905296258.0
2012,Navy,Large,1,1,1,4,11,807,70191530.0
2012,Navy,Medium,0,0,0,145,147,258,405475.0
2012,Navy,Medium,0,0,1,398,405,732,3541967.0
2012,Navy,Medium,0,1,1,1885,2091,20308,5168231006.0
2012,Navy,Medium,1,0,0,157,156,396,245114.0
2012,Navy,Medium,1,0,1,303,303,861,2666380.0
2012,Navy,Medium,1,1,1,1253,1261,12819,957445942.0
2012,Navy,Medium,NULL,0,0,22,22,0,0.0
2012,Navy,Medium,NULL,0,1,1,1,0,0.0
2012,Navy,Medium,NULL,1,1,67,68,3,124645.0
2012,Navy,Unlabeled Vendor,1,1,1,1,1,4,4485928.0
2012,Other DoD,Small,0,0,0,64,64,94,-1043268.0
2012,Other DoD,Small,0,0,1,303,304,441,1841536.0
2012,Other DoD,Small,0,1,1,4508,4740,183371,7523497476.0
2012,Other DoD,Small,1,0,0,2,2,2,3360.0
2012,Other DoD,Small,1,0,1,12,12,17,109841.0
2012,Other DoD,Small,1,1,1,31,31,1778,50512390.0
2012,Other DoD,Small,NULL,1,1,13,13,0,0.0
2012,Other DoD,Large,0,1,1,162,203,9934992,12652016664.0
2012,Other DoD,Large,1,1,1,1,1,1,-227917.0
2012,Other DoD,Medium,0,0,0,13,13,15,9549.0
2012,Other DoD,Medium,0,0,1,82,82,121,452173.0
2012,Other DoD,Medium,0,1,1,569,584,816128,1174688631.0
2012,Other DoD,Medium,1,0,0,9,9,17,30004.0
2012,Other DoD,Medium,1,0,1,38,38,485,412670.0
2012,Other DoD,Medium,1,1,1,178,179,2092,509588275.0
2012,Other DoD,Medium,NULL,1,1,12,12,0,0.0
2013,Air Force,Small,0,0,0,228,228,340,-140748.0
2013,Air Force,Small,0,0,1,938,939,1391,5922322.0
2013,Air Force,Small,0,1,1,9868,10451,100081,12705915552.0
2013,Air Force,Small,1,0,0,4,4,4,7839.0
2013,Air Force,Small,1,0,1,10,10,12,65553.0
2013,Air Force,Small,1,1,1,106,106,507,51798810.0
2013,Air Force,Small,NULL,0,0,40,40,0,0.0
2013,Air Force,Small,NULL,0,1,2,2,0,0.0
2013,Air Force,Small,NULL,1,1,153,154,0,0.0
2013,Air Force,Large,0,1,1,175,240,34493,39635257475.0
2013,Air Force,Large,1,1,1,6,6,94,146056410.0
2013,Air Force,Medium,0,0,0,45,48,90,14390666.0
2013,Air Force,Medium,0,0,1,147,147,190,736897.0
2013,Air Force,Medium,0,1,1,944,1026,9401,3903441496.0
2013,Air Force,Medium,1,0,0,35,35,124,168663.0
2013,Air Force,Medium,1,0,1,104,103,189,632030.0
2013,Air Force,Medium,1,1,1,891,905,4957,1255086162.0
2013,Air Force,Medium,NULL,0,0,36,35,0,0.0
2013,Air Force,Medium,NULL,0,1,4,4,0,0.0
2013,Air Force,Medium,NULL,1,1,48,54,252,37311234.0
2013,Army,Small,0,0,0,834,835,1390,-613906.0
2013,Army,Small,0,0,1,3784,3791,6547,28396524.0
2013,Army,Small,0,1,1,22195,23757,204800,30758560988.0
2013,Army,Small,1,0,0,5,5,7,20507.0
2013,Army,Small,1,0,1,15,15,30,157323.0
2013,Army,Small,1,1,1,119,120,816,372663154.0
2013,Army,Small,NULL,0,0,137,137,0,0.0
2013,Army,Small,NULL,0,1,21,21,0,0.0
2013,Army,Small,NULL,1,1,408,409,3,172031.0
2013,Army,Large,0,1,1,257,406,59049,48946244975.0
2013,Army,Large,1,1,1,11,12,972,960867290.0
2013,Army,Large,NULL,1,1,1,1,1,0.0
2013,Army,Medium,0,0,0,167,169,256,303840.0
2013,Army,Medium,0,0,1,593,599,884,3946262.0
2013,Army,Medium,0,1,1,3123,3497,29757,7419474558.0
2013,Army,Medium,1,0,0,124,124,192,-140676.0
2013,Army,Medium,1,0,1,255,255,582,3129322.0
2013,Army,Medium,1,1,1,1945,1970,21861,2419442581.0
2013,Army,Medium,NULL,0,0,33,33,0,0.0
2013,Army,Medium,NULL,0,1,6,6,1,13217.0
2013,Army,Medium,NULL,1,1,171,179,118,56147440.0
2013,DLA,Small,0,0,0,364,364,748,-19027613.0
2013,DLA,Small,0,0,1,1140,1144,4108,19618155.0
2013,DLA,Small,0,1,1,7309,7943,254057,11814161345.0
2013,DLA,Small,1,0,1,8,8,11,57806.0
2013,DLA,Small,1,1,1,43,43,639,83358838.0
2013,DLA,Small,NULL,0,0,7,7,0,0.0
2013,DLA,Small,NULL,0,1,1,1,0,0.0
2013,DLA,Small,NULL,1,1,66,66,0,0.0
2013,DLA,Large,0,0,1,3,3,6,12429.0
2013,DLA,Large,0,1,1,151,218,223972,11596892352.0
2013,DLA,Large,1,1,1,15,16,69,4870773141.0
2013,DLA,Medium,0,0,0,21,24,244,73082512.0
2013,DLA,Medium,0,0,1,53,53,154,-402437.0
2013,DLA,Medium,0,1,1,471,562,40786,5641672071.0
2013,DLA,Medium,1,0,0,6,6,7,9619.0
2013,DLA,Medium,1,0,1,27,27,89,490820.0
2013,DLA,Medium,1,1,1,218,218,12285,1331377731.0
2013,DLA,Medium,NULL,0,0,5,5,0,0.0
2013,DLA,Medium,NULL,1,1,22,22,2,-433047.0
2013,MDA,Small,0,0,0,1,1,2,0.0
2013,MDA,Small,0,0,1,2,2,3,18205.0
2013,MDA,Small,0,1,1,313,312,1783,661102022.0
2013,MDA,Large,0,1,1,28,28,2266,7270266458.0
2013,MDA,Medium,0,1,1,33,34,198,146583125.0
2013,MDA,Medium,1,1,1,2,2,3,2229735.0
2013,MilitaryHealth,Small,0,0,0,6,6,7,12329.0
2013,MilitaryHealth,Small,0,0,1,22,22,24,196441.0
2013,MilitaryHealth,Small,0,1,1,354,360,893,288214368.0
2013,MilitaryHealth,Large,0,1,1,45,45,654,9337381965.0
2013,MilitaryHealth,Medium,0,0,0,4,4,6,9806.0
2013,MilitaryHealth,Medium,0,0,1,10,10,11,56019.0
2013,MilitaryHealth,Medium,0,1,1,68,68,351,3036137157.0
2013,Navy,Small,0,0,0,651,652,1238,-389470.0
2013,Navy,Small,0,0,1,2375,2390,4536,19009973.0
2013,Navy,Small,0,1,1,16025,17404,159853,18760357607.0
2013,Navy,Small,1,0,0,4,4,5,-1285.0
2013,Navy,Small,1,0,1,16,16,31,115357.0
2013,Navy,Small,1,1,1,132,136,779,124935770.0
2013,Navy,Small,NULL,0,0,36,36,0,0.0
2013,Navy,Small,NULL,1,1,917,918,2,104733.0
2013,Navy,Large,0,1,1,239,387,76487,72804557207.0
2013,Navy,Large,1,1,1,5,9,701,64814872.0
2013,Navy,Large,NULL,1,1,1,1,9,508277.0
2013,Navy,Medium,0,0,0,117,124,397,22513358.0
2013,Navy,Medium,0,0,1,286,288,658,3255671.0
2013,Navy,Medium,0,1,1,1680,1873,18385,5768849814.0
2013,Navy,Medium,1,0,0,159,159,341,-153617.0
2013,Navy,Medium,1,0,1,253,251,633,1956629.0
2013,Navy,Medium,1,1,1,1178,1193,12156,808519840.0
2013,Navy,Medium,NULL,0,0,11,11,0,0.0
2013,Navy,Medium,NULL,0,1,2,2,0,0.0
2013,Navy,Medium,NULL,1,1,63,69,98,18436339.0
2013,Navy,Unlabeled Vendor,1,1,1,1,1,2,1745845.0
2013,Other DoD,Small,0,0,0,48,48,76,-624126.0
2013,Other DoD,Small,0,0,1,240,240,403,1522575.0
2013,Other DoD,Small,0,1,1,4216,4426,65616,6150789361.0
2013,Other DoD,Small,1,0,0,2,2,2,3268.0
2013,Other DoD,Small,1,0,1,11,11,26,92039.0
2013,Other DoD,Small,1,1,1,32,33,5875,608460116.0
2013,Other DoD,Small,NULL,0,0,1,1,0,0.0
2013,Other DoD,Small,NULL,1,1,10,10,0,0.0
2013,Other DoD,Large,0,1,1,165,202,8634129,8964113911.0
2013,Other DoD,Large,1,1,1,3,3,15865,312330468.0
2013,Other DoD,Medium,0,0,0,24,25,46,4707345.0
2013,Other DoD,Medium,0,0,1,58,58,73,391610.0
2013,Other DoD,Medium,0,1,1,567,583,555986,892508562.0
2013,Other DoD,Medium,1,0,0,8,8,11,134647.0
2013,Other DoD,Medium,1,0,1,27,27,631,385088.0
2013,Other DoD,Medium,1,1,1,186,188,9578,733880947.0
2013,Other DoD,Medium,NULL,1,1,18,19,3,1295682.0
2014,Air Force,Small,0,0,0,170,170,259,439056.0
2014,Air Force,Small,0,0,1,1011,1012,1451,6366863.0
2014,Air Force,Small,0,1,1,10746,11330,90336,13147460037.0
2014,Air Force,Small,1,0,0,2,2,2,-14883.0
2014,Air Force,Small,1,0,1,11,11,13,13605.0
2014,Air Force,Small,1,1,1,83,84,500,32703445.0
2014,Air Force,Small,NULL,0,0,45,45,0,0.0
2014,Air Force,Small,NULL,0,1,5,5,0,0.0
2014,Air Force,Small,NULL,1,1,142,144,1,200287.0
2014,Air Force,Large,0,1,1,179,253,33924,38385045806.0
2014,Air Force,Large,1,1,1,5,5,91,129020802.0
2014,Air Force,Medium,0,0,0,24,26,46,580503.0
2014,Air Force,Medium,0,0,1,157,158,230,39192600.0
2014,Air Force,Medium,0,1,1,973,1083,10645,4580110854.0
2014,Air Force,Medium,1,0,0,24,23,43,-34555.0
2014,Air Force,Medium,1,0,1,92,94,148,656642.0
2014,Air Force,Medium,1,1,1,853,880,5126,1272604219.0
2014,Air Force,Medium,NULL,0,0,17,17,0,0.0
2014,Air Force,Medium,NULL,0,1,4,4,0,0.0
2014,Air Force,Medium,NULL,1,1,40,40,56,90241787.0
2014,Air Force,Unlabeled Vendor,0,1,1,1,1,0,0.0
2014,Army,Small,0,0,0,666,666,1086,344818.0
2014,Army,Small,0,0,1,3334,3351,5864,29001431.0
2014,Army,Small,0,1,1,21247,22548,185925,29107891243.0
2014,Army,Small,1,0,0,2,2,2,-2524.0
2014,Army,Small,1,0,1,12,12,17,97409.0
2014,Army,Small,1,1,1,99,101,625,131916866.0
2014,Army,Small,NULL,0,0,121,121,0,0.0
2014,Army,Small,NULL,0,1,16,16,0,0.0
2014,Army,Small,NULL,1,1,320,321,37,14697614.0
2014,Army,Large,0,1,1,262,422,46628,36584787618.0
2014,Army,Large,1,1,1,11,12,6655,551583800.0
2014,Army,Large,NULL,1,1,1,1,0,0.0
2014,Army,Medium,0,0,0,134,135,196,304209.0
2014,Army,Medium,0,0,1,492,498,778,42221547.0
2014,Army,Medium,0,1,1,2851,3218,28476,8835638737.0
2014,Army,Medium,1,0,0,89,89,187,-230304.0
2014,Army,Medium,1,0,1,197,198,424,-1614125.0
2014,Army,Medium,1,1,1,1801,1909,13598,2368123996.0
2014,Army,Medium,NULL,0,0,29,29,1,1.0
2014,Army,Medium,NULL,0,1,3,3,1,4692.0
2014,Army,Medium,NULL,1,1,127,128,35,1174318.0
2014,Army,NULL,NULL,NULL,NULL,1,1,1,4993.0
2014,Army,Unlabeled Vendor,0,1,1,1,1,3,0.0
2014,Army,Unlabeled Vendor,1,1,1,1,1,6,849861.0
2014,DLA,Small,0,0,0,458,458,1079,-4753018.0
2014,DLA,Small,0,0,1,1135,1143,4100,16759303.0
2014,DLA,Small,0,1,1,7319,7968,287097,10995602819.0
2014,DLA,Small,1,0,0,1,1,2,173888.0
2014,DLA,Small,1,0,1,8,8,41,241614.0
2014,DLA,Small,1,1,1,36,36,957,80186240.0
2014,DLA,Small,NULL,0,0,6,6,0,0.0
2014,DLA,Small,NULL,1,1,112,112,0,0.0
2014,DLA,Large,0,0,1,1,1,15,1682319.0
2014,DLA,Large,0,1,1,163,237,245370,15254896077.0
2014,DLA,Large,1,1,1,15,20,1161,2407021741.0
2014,DLA,Medium,0,0,0,18,19,27,-29135.0
2014,DLA,Medium,0,0,1,52,53,173,840748.0
2014,DLA,Medium,0,1,1,446,559,12584,1833800476.0
2014,DLA,Medium,1,0,0,12,12,30,-16295.0
2014,DLA,Medium,1,0,1,41,41,106,642700.0
2014,DLA,Medium,1,1,1,232,235,31442,2606098961.0
2014,DLA,Medium,NULL,0,0,7,7,0,0.0
2014,DLA,Medium,NULL,0,1,1,1,0,0.0
2014,DLA,Medium,NULL,1,1,45,44,186,3082018.0
2014,DLA,NULL,NULL,NULL,NULL,1,1,275,159406089.0
2014,MDA,Small,0,0,1,2,2,2,4006.0
2014,MDA,Small,0,1,1,292,292,1796,690101994.0
2014,MDA,Small,NULL,1,1,1,1,0,0.0
2014,MDA,Large,0,1,1,19,19,2265,5352807647.0
2014,MDA,Medium,0,1,1,27,29,262,208694595.0
2014,MDA,Medium,1,1,1,1,1,4,2377215.0
2014,MilitaryHealth,Small,0,0,0,1,1,1,1626.0
2014,MilitaryHealth,Small,0,0,1,3,3,3,14607.0
2014,MilitaryHealth,Small,0,1,1,192,193,507,315217848.0
2014,MilitaryHealth,Large,0,1,1,31,31,763,11792037502.0
2014,MilitaryHealth,Medium,0,0,0,1,1,1,0.0
2014,MilitaryHealth,Medium,0,1,1,34,34,332,1399040255.0
2014,MilitaryHealth,Medium,NULL,1,1,1,1,1,3064892.0
2014,Navy,Small,0,0,0,544,545,879,-535259.0
2014,Navy,Small,0,0,1,2137,2150,3827,19959310.0
2014,Navy,Small,0,1,1,16239,17463,162837,20222411416.0
2014,Navy,Small,1,0,0,2,2,2,6639.0
2014,Navy,Small,1,0,1,11,11,16,95880.0
2014,Navy,Small,1,1,1,97,97,628,68432987.0
2014,Navy,Small,NULL,0,0,41,41,0,0.0
2014,Navy,Small,NULL,1,1,856,860,1,2585.0
2014,Navy,Large,0,0,1,1,1,1,55396.0
2014,Navy,Large,0,1,1,248,433,73272,59789267314.0
2014,Navy,Large,1,1,1,5,10,1131,103459407.0
2014,Navy,Large,NULL,1,1,1,1,1,14314.0
2014,Navy,Medium,0,0,0,99,99,192,-3918.0
2014,Navy,Medium,0,0,1,269,269,628,2457134.0
2014,Navy,Medium,0,1,1,1657,1895,17409,5807414663.0
2014,Navy,Medium,1,0,0,114,113,207,64066.0
2014,Navy,Medium,1,0,1,218,220,567,2086546.0
2014,Navy,Medium,1,1,1,1211,1268,13400,879754267.0
2014,Navy,Medium,NULL,0,0,10,10,0,0.0
2014,Navy,Medium,NULL,0,1,1,1,0,0.0
2014,Navy,Medium,NULL,1,1,61,61,2,6804.0
2014,Navy,Unlabeled Vendor,0,1,1,1,1,1,-16.0
2014,Other DoD,Small,0,0,0,32,32,39,220798.0
2014,Other DoD,Small,0,0,1,230,233,337,-669188.0
2014,Other DoD,Small,0,1,1,4568,4769,83031,6616220897.0
2014,Other DoD,Small,1,0,1,5,5,5,4543.0
2014,Other DoD,Small,1,1,1,15,15,6458,414902089.0
2014,Other DoD,Small,NULL,1,1,14,14,0,0.0
2014,Other DoD,Large,0,0,1,1,1,1,0.0
2014,Other DoD,Large,0,1,1,169,214,10653330,8242234206.0
2014,Other DoD,Large,1,1,1,3,3,11956,266486727.0
2014,Other DoD,Medium,0,0,0,15,16,236,254369.0
2014,Other DoD,Medium,0,0,1,57,57,73,210368.0
2014,Other DoD,Medium,0,1,1,585,630,759396,975223854.0
2014,Other DoD,Medium,1,0,0,9,9,31,-139388.0
2014,Other DoD,Medium,1,0,1,12,12,83,15462.0
2014,Other DoD,Medium,1,1,1,210,217,35816,475447973.0
2014,Other DoD,Medium,NULL,1,1,18,18,7,27634.0
2014,Other DoD,Unlabeled Vendor,0,1,1,1,1,69,40317930.0
2015,Air Force,Small,0,0,0,130,130,179,-694802.0
2015,Air Force,Small,0,0,1,909,908,1292,6447634.0
2015,Air Force,Small,0,1,1,10604,11164,87917,12272505073.0
2015,Air Force,Small,1,0,0,4,4,6,9405.0
2015,Air Force,Small,1,0,1,9,9,10,73284.0
2015,Air Force,Small,1,1,1,88,88,447,28785916.0
2015,Air Force,Small,NULL,0,0,32,32,0,0.0
2015,Air Force,Small,NULL,0,1,2,2,0,0.0
2015,Air Force,Small,NULL,1,1,169,170,1,252990.0
2015,Air Force,Large,0,0,1,2,2,3,93677.0
2015,Air Force,Large,0,1,1,179,269,32192,34157908141.0
2015,Air Force,Large,1,1,1,6,6,65,46023493.0
2015,Air Force,Medium,0,0,0,14,14,18,-428321.0
2015,Air Force,Medium,0,0,1,137,141,249,40678741.0
2015,Air Force,Medium,0,1,1,985,1072,12496,6295129933.0
2015,Air Force,Medium,1,0,0,23,23,100,-1218.0
2015,Air Force,Medium,1,0,1,71,71,119,988250.0
2015,Air Force,Medium,1,1,1,881,910,5386,927760093.0
2015,Air Force,Medium,NULL,0,0,17,17,0,0.0
2015,Air Force,Medium,NULL,0,1,1,1,0,0.0
2015,Air Force,Medium,NULL,1,1,42,42,0,0.0
2015,Air Force,Unlabeled Vendor,0,1,1,1,1,5,37010.0
2015,Air Force,Unlabeled Vendor,1,0,0,1,1,2,5798.0
2015,Army,Small,0,0,0,577,576,939,-338180.0
2015,Army,Small,0,0,1,3050,3058,5131,24052331.0
2015,Army,Small,0,1,1,20777,21986,163519,26396725325.0
2015,Army,Small,1,0,0,4,4,6,74199.0
2015,Army,Small,1,0,1,14,14,28,109621.0
2015,Army,Small,1,1,1,94,95,648,63334398.0
2015,Army,Small,NULL,0,0,138,138,0,0.0
2015,Army,Small,NULL,0,1,15,15,0,0.0
2015,Army,Small,NULL,1,1,340,343,4,1805455.0
2015,Army,Large,0,0,1,2,3,13,114548.0
2015,Army,Large,0,1,1,260,444,43968,35247067195.0
2015,Army,Large,1,1,1,10,11,4537,553198299.0
2015,Army,Large,NULL,1,1,1,1,0,0.0
2015,Army,Medium,0,0,0,95,95,164,68007.0
2015,Army,Medium,0,0,1,435,441,673,37852943.0
2015,Army,Medium,0,1,1,2744,3071,25876,9529948877.0
2015,Army,Medium,1,0,0,52,52,156,-866222.0
2015,Army,Medium,1,0,1,158,158,354,1560923.0
2015,Army,Medium,1,1,1,1607,1722,12809,1803804707.0
2015,Army,Medium,NULL,0,0,20,20,2,-1.0
2015,Army,Medium,NULL,0,1,3,3,0,0.0
2015,Army,Medium,NULL,1,1,111,112,14,162176.0
2015,Army,Unlabeled Vendor,0,1,1,1,1,5452,50524395.0
2015,Army,Unlabeled Vendor,1,0,0,3,1,7,2087.0
2015,Army,Unlabeled Vendor,1,0,1,2,1,3,17767.0
2015,Army,Unlabeled Vendor,1,1,1,24,1,71,20426167.0
2015,DLA,Small,0,0,0,668,672,5150,517071.0
2015,DLA,Small,0,0,1,1187,1194,29765,35474094.0
2015,DLA,Small,0,1,1,7630,8331,832457,11325365353.0
2015,DLA,Small,1,0,0,9,9,112,-86744.0
2015,DLA,Small,1,0,1,8,8,79,192429.0
2015,DLA,Small,1,1,1,29,29,695,-2470987.0
2015,DLA,Small,NULL,0,0,17,17,0,0.0
2015,DLA,Small,NULL,1,1,161,161,0,0.0
2015,DLA,Large,0,1,1,172,267,882697,13544471953.0
2015,DLA,Large,1,1,1,12,13,4721,2227347482.0
2015,DLA,Medium,0,0,0,43,47,596,178965.0
2015,DLA,Medium,0,0,1,53,54,541,1196912.0
2015,DLA,Medium,0,1,1,508,647,54359,1769217801.0
2015,DLA,Medium,1,0,0,25,25,52,-5615.0
2015,DLA,Medium,1,0,1,36,35,481,857885.0
2015,DLA,Medium,1,1,1,249,268,56671,1426653765.0
2015,DLA,Medium,NULL,0,0,12,12,0,0.0
2015,DLA,Medium,NULL,0,1,1,1,0,0.0
2015,DLA,Medium,NULL,1,1,63,64,0,0.0
2015,DLA,NULL,NULL,NULL,NULL,1,1,339,154875194.0
2015,DLA,Unlabeled Vendor,0,1,1,1,1,2,9548.0
2015,MDA,Small,0,0,1,1,1,2,10110.0
2015,MDA,Small,0,1,1,288,289,1773,669552525.0
2015,MDA,Large,0,1,1,22,22,2028,3889024702.0
2015,MDA,Medium,0,1,1,32,33,266,216330898.0
2015,MDA,Medium,1,1,1,2,2,4,2344103.0
2015,MilitaryHealth,Small,0,0,0,5,5,5,16796.0
2015,MilitaryHealth,Small,0,0,1,49,49,69,388905.0
2015,MilitaryHealth,Small,0,1,1,821,880,3983,609600128.0
2015,MilitaryHealth,Small,1,1,1,2,2,1,37420.0
2015,MilitaryHealth,Small,NULL,1,1,3,3,0,0.0
2015,MilitaryHealth,Large,0,0,1,1,1,2,91853.0
2015,MilitaryHealth,Large,0,1,1,70,80,1012,10663995774.0
2015,MilitaryHealth,Medium,0,0,0,1,1,1,3298.0
2015,MilitaryHealth,Medium,0,0,1,5,5,5,42691.0
2015,MilitaryHealth,Medium,0,1,1,100,101,403,1003342327.0
2015,MilitaryHealth,Medium,1,1,1,1,1,2,138948.0
2015,Navy,Small,0,0,0,511,513,828,15841082.0
2015,Navy,Small,0,0,1,2085,2091,3726,16830736.0
2015,Navy,Small,0,1,1,15656,16829,155672,17899393253.0
2015,Navy,Small,1,0,0,3,3,7,10237.0
2015,Navy,Small,1,0,1,11,11,20,71724.0
2015,Navy,Small,1,1,1,85,85,771,102331883.0
2015,Navy,Small,NULL,0,0,49,49,0,0.0
2015,Navy,Small,NULL,0,1,1,1,0,0.0
2015,Navy,Small,NULL,1,1,617,618,0,0.0
2015,Navy,Large,0,0,1,2,3,15,784044.0
2015,Navy,Large,0,1,1,242,431,63963,60390635271.0
2015,Navy,Large,1,1,1,6,10,838,89109620.0
2015,Navy,Large,NULL,1,1,1,1,3,2751773.0
2015,Navy,Medium,0,0,0,84,84,159,92345.0
2015,Navy,Medium,0,0,1,255,256,550,1917408.0
2015,Navy,Medium,0,1,1,1630,1843,19728,6928477043.0
2015,Navy,Medium,1,0,0,96,97,171,138062.0
2015,Navy,Medium,1,0,1,222,220,529,2260688.0
2015,Navy,Medium,1,1,1,1266,1349,13467,783667855.0
2015,Navy,Medium,NULL,0,0,19,19,0,0.0
2015,Navy,Medium,NULL,0,1,1,1,0,0.0
2015,Navy,Medium,NULL,1,1,51,50,0,0.0
2015,Navy,Unlabeled Vendor,0,1,1,1,1,16,41089.0
2015,Other DoD,Small,0,0,0,71,71,83,-326097.0
2015,Other DoD,Small,0,0,1,232,233,313,861170.0
2015,Other DoD,Small,0,1,1,4719,4918,71798,6121900259.0
2015,Other DoD,Small,1,0,1,2,2,2,8887.0
2015,Other DoD,Small,1,1,1,21,21,2590,70710460.0
2015,Other DoD,Small,NULL,0,0,4,4,0,0.0
2015,Other DoD,Small,NULL,1,1,18,18,2,0.0
2015,Other DoD,Large,0,0,1,1,2,42,212407.0
2015,Other DoD,Large,0,1,1,173,237,9501941,8434595284.0
2015,Other DoD,Large,1,1,1,2,2,31,2114544.0
2015,Other DoD,Medium,0,0,0,18,18,28,16934.0
2015,Other DoD,Medium,0,0,1,62,62,100,173652.0
2015,Other DoD,Medium,0,1,1,629,682,629315,1140532579.0
2015,Other DoD,Medium,1,0,0,6,6,7,7912.0
2015,Other DoD,Medium,1,0,1,6,6,12,52515.0
2015,Other DoD,Medium,1,1,1,226,235,90440,432018075.0
2015,Other DoD,Medium,NULL,1,1,17,17,0,0.0
2015,Other DoD,Unlabeled Vendor,0,1,1,2,2,8850,25854347.0
2016,Air Force,Small,0,0,0,106,106,150,-735530.0
2016,Air Force,Small,0,0,1,828,829,1148,5926881.0
2016,Air Force,Small,0,1,1,10422,10975,86302,13874247941.0
2016,Air Force,Small,1,0,0,1,1,1,-10230.0
2016,Air Force,Small,1,0,1,10,10,12,59871.0
2016,Air Force,Small,1,1,1,90,92,509,40088029.0
2016,Air Force,Small,NULL,0,0,27,27,0,0.0
2016,Air Force,Small,NULL,0,1,3,3,0,0.0
2016,Air Force,Small,NULL,1,1,153,153,3,11500.0
2016,Air Force,Large,0,0,1,1,1,1,3758.0
2016,Air Force,Large,0,1,1,174,251,30943,43521815266.0
2016,Air Force,Large,1,1,1,4,4,38,4121720.0
2016,Air Force,Medium,0,0,0,19,30,138,34636146.0
2016,Air Force,Medium,0,0,1,103,104,187,1155124.0
2016,Air Force,Medium,0,1,1,1005,1111,12550,6341289326.0
2016,Air Force,Medium,1,0,0,16,16,50,-514674.0
2016,Air Force,Medium,1,0,1,40,40,101,276855.0
2016,Air Force,Medium,1,1,1,877,890,5494,904298646.0
2016,Air Force,Medium,NULL,0,0,23,23,2,23196786.0
2016,Air Force,Medium,NULL,0,1,3,3,0,0.0
2016,Air Force,Medium,NULL,1,1,45,45,0,0.0
2016,Air Force,Unlabeled Vendor,1,1,1,1,1,2,41147.0
2016,Army,Small,0,0,0,422,423,716,-1392170.0
2016,Army,Small,0,0,1,2542,2543,3778,14102056.0
2016,Army,Small,0,1,1,19806,21014,147339,26304075697.0
2016,Army,Small,1,0,0,14,14,31,16850.0
2016,Army,Small,1,0,1,9,9,11,70233.0
2016,Army,Small,1,1,1,116,119,2248,208076123.0
2016,Army,Small,NULL,0,0,99,99,0,0.0
2016,Army,Small,NULL,0,1,17,17,0,0.0
2016,Army,Small,NULL,1,1,411,409,3,354728.0
2016,Army,Large,0,1,1,245,394,36843,36172780668.0
2016,Army,Large,1,1,1,6,6,4646,304821111.0
2016,Army,Medium,0,0,0,73,87,227,47119155.0
2016,Army,Medium,0,0,1,341,341,483,1793554.0
2016,Army,Medium,0,1,1,2703,3041,23434,8444971443.0
2016,Army,Medium,1,0,0,56,56,184,-437303.0
2016,Army,Medium,1,0,1,133,133,339,-168758.0
2016,Army,Medium,1,1,1,1637,1665,26742,2151308698.0
2016,Army,Medium,NULL,0,0,21,21,3,636.0
2016,Army,Medium,NULL,0,1,3,3,1,9119.0
2016,Army,Medium,NULL,1,1,124,124,9,161258.0
2016,Army,Unlabeled Vendor,1,1,1,16,1,37,335772.0
2016,DLA,Small,0,0,0,923,924,15839,1330008.0
2016,DLA,Small,0,0,1,1241,1248,47643,42784177.0
2016,DLA,Small,0,1,1,7856,8649,1421325,11554614123.0
2016,DLA,Small,1,0,0,8,8,202,29667.0
2016,DLA,Small,1,0,1,9,9,98,144527.0
2016,DLA,Small,1,1,1,43,43,1371,43686896.0
2016,DLA,Small,NULL,0,0,1,1,0,0.0
2016,DLA,Small,NULL,1,1,72,73,12,849262.0
2016,DLA,Large,0,1,1,170,254,1232303,13546261264.0
2016,DLA,Large,1,1,1,13,13,6535,1262627823.0
2016,DLA,Medium,0,0,0,77,96,7150,29555765.0
2016,DLA,Medium,0,0,1,55,58,9017,7419722.0
2016,DLA,Medium,0,1,1,575,715,118083,1654665808.0
2016,DLA,Medium,1,0,0,45,45,289,-191317.0
2016,DLA,Medium,1,0,1,27,28,2815,1123826.0
2016,DLA,Medium,1,1,1,237,239,67560,1263490232.0
2016,DLA,Medium,NULL,0,0,5,5,0,0.0
2016,DLA,Medium,NULL,0,1,1,1,0,0.0
2016,DLA,Medium,NULL,1,1,19,19,0,0.0
2016,DLA,NULL,NULL,NULL,NULL,1,1,715,90653202.0
2016,MDA,Small,0,0,0,1,1,2,0.0
2016,MDA,Small,0,1,1,359,361,2035,750910837.0
2016,MDA,Large,0,1,1,20,20,2053,5533177355.0
2016,MDA,Medium,0,1,1,30,31,327,279511813.0
2016,MDA,Medium,1,1,1,1,1,5,23e5
2016,MilitaryHealth,Small,0,0,0,1,1,1,3060.0
2016,MilitaryHealth,Small,0,0,1,35,35,40,197128.0
2016,MilitaryHealth,Small,0,1,1,891,954,3755,858823962.0
2016,MilitaryHealth,Small,NULL,1,1,5,5,0,0.0
2016,MilitaryHealth,Large,0,1,1,66,76,1151,10874906622.0
2016,MilitaryHealth,Large,1,1,1,1,1,1,39350.0
2016,MilitaryHealth,Medium,0,0,1,5,5,5,35340.0
2016,MilitaryHealth,Medium,0,1,1,109,113,381,1283262240.0
2016,MilitaryHealth,Medium,1,1,1,1,1,1,10688.0
2016,MilitaryHealth,Medium,NULL,1,1,1,1,0,0.0
2016,Navy,Small,0,0,0,410,410,718,-1009809.0
2016,Navy,Small,0,0,1,1784,1790,3013,13410475.0
2016,Navy,Small,0,1,1,15113,16332,150167,20627253608.0
2016,Navy,Small,1,0,0,1,1,3,2197.0
2016,Navy,Small,1,0,1,10,10,16,94932.0
2016,Navy,Small,1,1,1,100,100,570,87230213.0
2016,Navy,Small,NULL,0,0,24,24,0,0.0
2016,Navy,Small,NULL,1,1,697,698,1,0.0
2016,Navy,Large,0,1,1,233,382,61763,65113673078.0
2016,Navy,Large,1,1,1,4,4,1307,83600686.0
2016,Navy,Medium,0,0,0,50,69,379,66202438.0
2016,Navy,Medium,0,0,1,206,211,325,1744253.0
2016,Navy,Medium,0,1,1,1603,1856,19299,5267591008.0
2016,Navy,Medium,1,0,0,77,78,127,-252186.0
2016,Navy,Medium,1,0,1,182,182,412,459646.0
2016,Navy,Medium,1,1,1,1256,1273,13418,1020312691.0
2016,Navy,Medium,NULL,0,0,13,13,0,0.0
2016,Navy,Medium,NULL,1,1,40,40,2,1154103.0
2016,Other DoD,Small,0,0,0,65,65,162,-267469.0
2016,Other DoD,Small,0,0,1,164,164,232,890002.0
2016,Other DoD,Small,0,1,1,4650,4909,242721,6047580329.0
2016,Other DoD,Small,1,0,0,1,1,1,0.0
2016,Other DoD,Small,1,0,1,4,4,5,9426.0
2016,Other DoD,Small,1,1,1,31,31,101,6569827.0
2016,Other DoD,Small,NULL,0,0,11,11,0,0.0
2016,Other DoD,Small,NULL,1,1,59,59,3,0.0
2016,Other DoD,Large,0,1,1,178,256,9019800,8498041900.0
2016,Other DoD,Large,1,1,1,3,3,6,6623878.0
2016,Other DoD,Medium,0,0,0,30,42,108,-117302.0
2016,Other DoD,Medium,0,0,1,56,56,74,187268.0
2016,Other DoD,Medium,0,1,1,679,738,839419,988635339.0
2016,Other DoD,Medium,1,0,0,4,4,5,0.0
2016,Other DoD,Medium,1,0,1,5,5,9,7155.0
2016,Other DoD,Medium,1,1,1,205,206,69492,363147590.0
2016,Other DoD,Medium,NULL,0,0,19,19,0,0.0
2016,Other DoD,Medium,NULL,1,1,41,41,0,0.0
